OE0013,Stno,XStno,Chipno1,Chipno2,Chipno3,Chipno4,Chipno5,Chipno6,Database Id,Surname,First name,YB,S,Block1,Block2,Block3,Block4,Block5,Block6,E1,E2,E3,E4,E5,E6,nc1,Start1,Finish1,Time1,Classifier1,Credit -1,Penalty +1,Comment1,nc2,Start2,Finish2,Time2,Classifier2,Credit -2,Penalty +2,Comment2,nc3,Start3,Finish3,Time3,Classifier3,Credit -3,Penalty +3,Comment3,nc4,Start4,Finish4,Time4,Classifier4,Credit -4,Penalty +4,Comment4,nc5,Start5,Finish5,Time5,Classifier5,Credit -5,Penalty +5,Comment5,nc6,Start6,Finish6,Time6,Classifier6,Credit -6,Penalty +6,Comment6,Club no.,Cl.name,City,Nat,Location,Region,Cl. no.,Short,Long,Entry cl. No,Entry class (short),Entry class (long),Rank,Ranking points,Num1,Num2,Num3,Text1,Text2,Text3,Addr. surname,Addr. first name,Street,Line2,Zip,Addr. city,Phone,Mobile,Fax,EMail,Rented,Start fee,Paid,Team,Place1,Place2,Place3,Place4,Place5,Place6,Total,Place
,119,,2033284,2033284,,,,,119,Doe_119,Kayla,2001,F,,,,,,,X,X,0,0,0,0,0,12:51:13,13:27:27,36:14,0,,,,0,9:09:12,9:53:15,44:03,0,,,,0,,,,0,,,,0,,,,0,,,,0,,,,0,,,,0,,,,0,,,,728,,,,,,5,ISIF,ISIF,,,,,,,,,,,,,,,,,,,,,,0,0,0,,,,,,,,1:20:17,1
,260,,2015716,2015716,,,,,260,Doe_260,Selena,2001,F,,,,,,,X,X,0,0,0,0,0,11:03:15,12:09:37,1:06:22,0,,,,0,10:57:13,12:07:03,1:09:50,0,,,,0,,,,0,,,,0,,,,0,,,,0,,,,0,,,,0,,,,0,,,,708,,,,,,5,ISIF,ISIF,,,,,,,,,,,,,,,,,,,,,,0,0,0,,,,,,,,2:16:12,2
,207,,2064537,2064537,,,,,207,Doe_207,Anna,2001,F,,,,,,,X,X,0,0,0,0,0,10:57:15,11:47:13,49:58,0,,,,0,11:03:15,12:41:38,1:38:23,0,,,,0,,,,0,,,,0,,,,0,,,,0,,,,0,,,,0,,,,0,,,,801,,,,,,5,ISIF,ISIF,,,,,,,,,,,,,,,,,,,,,,0,0,0,,,,,,,,2:28:21,3
,281,,2015736,2015736,,,,,281,Doe_281,Aysia,2001,F,,,,,,,X,X,0,0,0,0,0,10:53:10,11:48:11,55:01,0,,,,0,11:07:11,12:54:26,1:47:15,0,,,,0,,,,0,,,,0,,,,0,,,,0,,,,0,,,,0,,,,0,,,,708,,,,,,5,ISIF,ISIF,,,,,,,,,,,,,,,,,,,,,,0,0,0,,,,,,,,2:42:16,4
,162,,420292,420292,,,,,162,Doe_162,Cydnie,2001,F,,,,,,,X,X,0,0,0,0,0,10:27:09,11:47:20,1:20:11,0,,,,0,11:33:11,13:10:06,1:36:55,3,,,,0,,,,0,,,,0,,,,0,,,,0,,,,0,,,,0,,,,0,,,,721,,,,,,5,ISIF,ISIF,,,,,,,,,,,,,,,,,,,,,,0,0,0,,,,,,,,,
,113,,2033281,2033281,,,,,113,Doe_113,Harold,2001,M,,,,,,,X,X,0,0,0,0,0,11:51:14,12:17:34,26:20,0,,,,0,10:09:14,10:42:10,32:56,0,,,,0,,,,0,,,,0,,,,0,,,,0,,,,0,,,,0,,,,0,,,,728,,,,,,7,ISIM,ISIM,,,,,,,,,,,,,,,,,,,,,,0,0,0,,,,,,,,59:16,1
,223,,2054179,2054179,,,,,223,Doe_223,Samuel,2004,M,,,,,,,X,X,0,0,0,0,0,12:25:11,13:08:05,42:54,0,,,,0,9:35:12,10:09:33,34:21,0,,,,0,,,,0,,,,0,,,,0,,,,0,,,,0,,,,0,,,,0,,,,917,,,,,,7,ISIM,ISIM,,,,,,,,,,,,,,,,,,,,,,X,0,0,,,,,,,,1:17:15,2
,129,,2033283,2033283,,,,,129,Doe_129,Patrick,2001,M,,,,,,,X,X,0,0,0,0,0,12:45:15,13:19:28,34:13,0,,,,0,9:15:10,10:01:44,46:34,0,,,,0,,,,0,,,,0,,,,0,,,,0,,,,0,,,,0,,,,0,,,,728,,,,,,7,ISIM,ISIM,,,,,,,,,,,,,,,,,,,,,,0,0,0,,,,,,,,1:20:47,3
,138,,2064799,2064799,,,,,138,Doe_138,Zachary,1999,M,,,,,,,X,X,0,0,0,0,0,12:13:14,13:17:51,1:04:37,0,,,,0,9:47:10,10:27:14,40:04,0,,,,0,,,,0,,,,0,,,,0,,,,0,,,,0,,,,0,,,,0,,,,792,,,,,,7,ISIM,ISIM,,,,,,,,,,,,,,,,,,,,,,0,0,0,,,,,,,,1:44:41,4
,202,,2092192,2092192,,,,,202,Doe_202,Trevor,2001,M,,,,,,,X,X,0,0,0,0,0,11:15:10,11:54:21,39:11,0,,,,0,10:45:10,12:00:19,1:15:09,0,,,,0,,,,0,,,,0,,,,0,,,,0,,,,0,,,,0,,,,0,,,,920,,,,,,7,ISIM,ISIM,,,,,,,,,,,,,,,,,,,,,,0,0,0,,,,,,,,1:54:20,5
,201,,2089704,2089704,,,,,201,Doe_201,Nathan,2003,M,,,,,,,X,X,0,0,0,0,0,11:21:06,11:54:22,33:16,0,,,,0,10:39:08,12:00:16,1:21:08,0,,,,0,,,,0,,,,0,,,,0,,,,0,,,,0,,,,0,,,,0,,,,920,,,,,,7,ISIM,ISIM,,,,,,,,,,,,,,,,,,,,,,0,0,0,,,,,,,,1:54:24,6
,74,,2037968,2037968,,,,,74,Doe_74,Owen,2001,M,,,,,,,X,X,0,0,0,0,0,11:07:16,12:09:31,1:02:15,0,,,,0,10:53:10,12:00:45,1:07:35,0,,,,0,,,,0,,,,0,,,,0,,,,0,,,,0,,,,0,,,,0,,,,769,,,,,,7,ISIM,ISIM,,,,,,,,,,,,,,,,,,,,,,0,0,0,,,,,,,,2:09:50,7
,68,,2037969,2037969,,,,,68,Doe_68,Jeremy,2000,M,,,,,,,X,X,0,0,0,0,0,11:25:10,12:09:33,44:23,0,,,,0,10:35:14,12:00:47,1:25:33,0,,,,0,,,,0,,,,0,,,,0,,,,0,,,,0,,,,0,,,,0,,,,769,,,,,,7,ISIM,ISIM,,,,,,,,,,,,,,,,,,,,,,0,0,0,,,,,,,,2:09:56,8
,73,,2037967,2037967,,,,,73,Doe_73,Matthew,2001,M,,,,,,,X,X,0,0,0,0,0,11:13:13,12:09:30,56:17,0,,,,0,10:47:11,12:00:59,1:13:48,0,,,,0,,,,0,,,,0,,,,0,,,,0,,,,0,,,,0,,,,0,,,,769,,,,,,7,ISIM,ISIM,,,,,,,,,,,,,,,,,,,,,,0,0,0,,,,,,,,2:10:05,9
,197,,2092194,2092194,,,,,197,Doe_197,Arxcel,2000,M,,,,,,,X,X,0,0,0,0,0,11:39:12,12:46:16,1:07:04,0,,,,0,10:21:09,11:32:04,1:10:55,0,,,,0,,,,0,,,,0,,,,0,,,,0,,,,0,,,,0,,,,0,,,,920,,,,,,7,ISIM,ISIM,,,,,,,,,,,,,,,,,,,,,,0,0,0,,,,,,,,2:17:59,10
,135,,2075713,2075713,,,,,135,Doe_135,Brandon,2001,M,,,,,,,X,X,0,0,0,0,0,11:47:09,12:56:42,1:09:33,0,,,,0,10:13:09,11:23:09,1:10:00,0,,,,0,,,,0,,,,0,,,,0,,,,0,,,,0,,,,0,,,,0,,,,792,,,,,,7,ISIM,ISIM,,,,,,,,,,,,,,,,,,,,,,0,0,0,,,,,,,,2:19:33,11
,71,,2037971,2037971,,,,,71,Doe_71,Bruce,2000,M,,,,,,,X,X,0,0,0,0,0,11:19:30,12:27:16,1:07:46,0,,,,0,10:41:12,12:00:44,1:19:32,0,,,,0,,,,0,,,,0,,,,0,,,,0,,,,0,,,,0,,,,0,,,,769,,,,,,7,ISIM,ISIM,,,,,,,,,,,,,,,,,,,,,,0,0,0,,,,,,,,2:27:18,12
,78,,2037970,2037970,,,,,78,Doe_78,Adrian,2000,M,,,,,,,X,X,0,0,0,0,0,11:01:15,12:27:09,1:25:54,0,,,,0,10:59:14,12:00:52,1:01:38,0,,,,0,,,,0,,,,0,,,,0,,,,0,,,,0,,,,0,,,,0,,,,769,,,,,,7,ISIM,ISIM,,,,,,,,,,,,,,,,,,,,,,0,0,0,,,,,,,,2:27:32,13
,198,,2092195,2092195,,,,,198,Doe_198,Jesus,2000,M,,,,,,,X,X,0,0,0,0,0,11:33:12,12:26:57,53:45,0,,,,0,10:27:10,12:01:15,1:34:05,0,,,,0,,,,0,,,,0,,,,0,,,,0,,,,0,,,,0,,,,0,,,,920,,,,,,7,ISIM,ISIM,,,,,,,,,,,,,,,,,,,,,,0,0,0,,,,,,,,2:27:50,14
,286,,2054184,2054184,,,,,286,Doe_286,Christopher,2002,M,,,,,,,X,X,0,0,0,0,0,12:19:09,13:53:24,1:34:15,0,,,,0,9:41:10,10:50:51,1:09:41,0,,,,0,,,,0,,,,0,,,,0,,,,0,,,,0,,,,0,,,,0,,,,924,,,,,,7,ISIM,ISIM,,,,,,,,,,,,,,,,,,,,,,X,0,0,,,,,,,,2:43:56,15
,136,,2075711,2075711,,,,,136,Doe_136,John,2001,M,,,,,,,X,X,0,0,0,0,0,12:01:02,12:56:40,55:38,0,,,,0,9:59:11,12:07:38,2:08:27,0,,,,0,,,,0,,,,0,,,,0,,,,0,,,,0,,,,0,,,,0,,,,792,,,,,,7,ISIM,ISIM,,,,,,,,,,,,,,,,,,,,,,0,0,0,,,,,,,,3:04:05,16
,70,,2037973,2037973,,,,,70,Doe_70,Robert,2001,M,,,,,,,X,X,0,0,0,0,0,12:41:10,15:06:48,2:25:38,0,,,,0,9:19:10,10:28:35,1:09:25,0,,,,0,,,,0,,,,0,,,,0,,,,0,,,,0,,,,0,,,,0,,,,769,,,,,,7,ISIM,ISIM,,,,,,,,,,,,,,,,,,,,,,0,0,0,,,,,,,,3:35:03,17
,79,,2037966,2037966,,,,,79,Doe_79,DeAndre,2000,M,,,,,,,X,X,0,0,0,0,0,10:55:17,13:06:17,2:11:00,3,,,,0,11:05:10,13:40:39,2:35:29,3,,,,0,,,,0,,,,0,,,,0,,,,0,,,,0,,,,0,,,,0,,,,769,,,,,,7,ISIM,ISIM,,,,,,,,,,,,,,,,,,,,,,0,0,0,,,,,,,,,
,199,,2092191,2092191,,,,,199,Doe_199,Trevor,2001,M,,,,,,,X,X,0,0,0,0,0,11:27:14,12:21:27,54:13,2,,,,0,10:33:10,11:41:08,1:07:58,0,,,,0,,,,0,,,,0,,,,0,,,,0,,,,0,,,,0,,,,0,,,,920,,,,,,7,ISIM,ISIM,,,,,,,,,,,,,,,,,,,,,,0,0,0,,,,,,,,,
,42,,2068339,2068339,,,,,42,Doe_42,Nathaniel,2000,M,,,,,,,X,X,0,0,0,0,0,12:57:12,15:36:17,2:39:05,3,,,,0,9:03:10,10:25:26,1:22:16,3,,,,0,,,,0,,,,0,,,,0,,,,0,,,,0,,,,0,,,,0,,,,773,,,,,,7,ISIM,ISIM,,,,,,,,,,,,,,,,,,,,,,0,0,0,,,,,,,,,
,155,,2064800,2064800,,,,,155,Doe_155,Logan,2000,M,,,,,,,X,X,0,0,0,0,0,12:07:10,12:37:26,30:16,0,,,,0,9:53:10,11:09:26,1:16:16,3,,,,0,,,,0,,,,0,,,,0,,,,0,,,,0,,,,0,,,,0,,,,792,,,,,,7,ISIM,ISIM,,,,,,,,,,,,,,,,,,,,,,0,0,0,,,,,,,,,
,112,,2064509,2064509,,,,,112,Doe_112,Chanda,2000,F,,,,,,,X,X,0,0,0,0,0,12:40:10,13:51:27,1:11:17,0,,,,0,9:20:10,10:32:09,1:11:59,0,,,,0,,,,0,,,,0,,,,0,,,,0,,,,0,,,,0,,,,0,,,,728,,,,,,9,ISJVF,ISJVF,,,,,,,,,,,,,,,,,,,,,,0,0,0,,,,,,,,2:23:16,1
,222,,2054178,2054178,,,,,222,Doe_222,Emily,1999,F,,,,,,,X,X,0,0,0,0,0,12:28:10,13:59:33,1:31:23,0,,,,0,9:32:10,10:49:57,1:17:47,0,,,,0,,,,0,,,,0,,,,0,,,,0,,,,0,,,,0,,,,0,,,,917,,,,,,9,ISJVF,ISJVF,,,,,,,,,,,,,,,,,,,,,,X,0,0,,,,,,,,2:49:10,2
,290,,2054188,2054188,,,,,290,Doe_290,Isabella,2000,F,,,,,,,X,X,0,0,0,0,0,12:50:07,14:39:51,1:49:44,0,,,,0,9:10:07,10:12:41,1:02:34,0,,,,0,,,,0,,,,0,,,,0,,,,0,,,,0,,,,0,,,,0,,,,924,,,,,,9,ISJVF,ISJVF,,,,,,,,,,,,,,,,,,,,,,X,0,0,,,,,,,,2:52:18,3
,224,,2054180,2054180,,,,,224,Doe_224,Tabea,2001,F,,,,,,,X,X,0,0,0,0,0,12:18:10,13:38:51,1:20:41,0,,,,0,9:42:10,11:14:08,1:31:58,0,,,,0,,,,0,,,,0,,,,0,,,,0,,,,0,,,,0,,,,0,,,,917,,,,,,9,ISJVF,ISJVF,,,,,,,,,,,,,,,,,,,,,,X,0,0,,,,,,,,2:52:39,4
,47,,2051212,2051212,,,,,47,Doe_47,Kelsie,2000,F,,,,,,,X,X,0,0,0,0,0,10:38:08,11:45:56,1:07:48,0,,,,0,11:22:10,13:14:45,1:52:35,0,,,,0,,,,0,,,,0,,,,0,,,,0,,,,0,,,,0,,,,0,,,,770,,,,,,9,ISJVF,ISJVF,,,,,,,,,,,,,,,,,,,,,,0,0,0,,,,,,,,3:00:23,5
,56,,2026259,2026259,,,,,56,Doe_56,Christiane,2001,F,,,,,,,X,X,0,0,0,0,0,10:48:09,12:28:45,1:40:36,0,,,,0,11:12:11,13:04:48,1:52:37,0,,,,0,,,,0,,,,0,,,,0,,,,0,,,,0,,,,0,,,,0,,,,918,,,,,,9,ISJVF,ISJVF,,,,,,,,,,,,,,,,,,,,,,0,0,0,,,,,,,,3:33:13,6
,58,,2051295,2051295,,,,,58,Doe_58,Ashley,1999,F,,,,,,,X,X,0,0,0,0,0,10:42:10,12:14:40,1:32:30,0,,,,0,11:18:11,13:24:14,2:06:03,0,,,,0,,,,0,,,,0,,,,0,,,,0,,,,0,,,,0,,,,0,,,,751,,,,,,9,ISJVF,ISJVF,,,,,,,,,,,,,,,,,,,,,,0,0,0,,,,,,,,3:38:33,7
,122,,2033280,2033280,,,,,122,Doe_122,Shania,1999,F,,,,,,,X,X,0,0,0,0,0,10:58:07,13:02:48,2:04:41,0,,,,0,11:02:12,12:37:29,1:35:17,0,,,,0,,,,0,,,,0,,,,0,,,,0,,,,0,,,,0,,,,0,,,,728,,,,,,9,ISJVF,ISJVF,,,,,,,,,,,,,,,,,,,,,,0,0,0,,,,,,,,3:39:58,8
,203,,2092190,2092190,,,,,203,Doe_203,Brianna,1999,F,,,,,,,X,X,0,0,0,0,0,11:16:15,13:08:23,1:52:08,0,,,,0,10:44:11,12:34:50,1:50:39,0,,,,0,,,,0,,,,0,,,,0,,,,0,,,,0,,,,0,,,,0,,,,920,,,,,,9,ISJVF,ISJVF,,,,,,,,,,,,,,,,,,,,,,0,0,0,,,,,,,,3:42:47,9
,234,,2064527,2064527,,,,,234,Doe_234,Aleeyah,1998,F,,,,,,,X,X,0,0,0,0,0,11:38:11,13:14:43,1:36:32,0,,,,0,10:22:09,12:53:15,2:31:06,0,,,,0,,,,0,,,,0,,,,0,,,,0,,,,0,,,,0,,,,0,,,,771,,,,,,9,ISJVF,ISJVF,,,,,,,,,,,,,,,,,,,,,,0,0,0,,,,,,,,4:07:38,10
,168,,420299,420299,,,,,168,Doe_168,Laurel,2001,F,,,,,,,X,X,0,0,0,0,0,12:34:07,15:25:19,2:51:12,3,,,,0,9:26:07,12:28:46,3:02:39,2,,,,0,,,,0,,,,0,,,,0,,,,0,,,,0,,,,0,,,,0,,,,721,,,,,,9,ISJVF,ISJVF,,,,,,,,,,,,,,,,,,,,,,0,0,0,,,,,,,,,
,243,,2064528,2064528,,,,,243,Doe_243,Megan,2000,F,,,,,,,X,X,0,0,0,0,0,11:32:22,13:44:23,2:12:01,3,,,,0,10:28:19,12:38:54,2:10:35,0,,,,0,,,,0,,,,0,,,,0,,,,0,,,,0,,,,0,,,,0,,,,771,,,,,,9,ISJVF,ISJVF,,,,,,,,,,,,,,,,,,,,,,0,0,0,,,,,,,,,
,104,,2033277,2033277,,,,,104,Doe_104,Derrick,1997,M,,,,,,,X,X,0,0,0,0,0,11:52:07,12:24:35,32:28,0,,,,0,10:08:12,10:54:40,46:28,0,,,,0,,,,0,,,,0,,,,0,,,,0,,,,0,,,,0,,,,0,,,,728,,,,,,11,ISJVM,ISJVM,,,,,,,,,,,,,,,,,,,,,,0,0,0,,,,,,,,1:18:56,1
,95,,2033276,2033276,,,,,95,Doe_95,Ortez,1997,M,,,,,,,X,X,0,0,0,0,0,12:58:11,13:34:07,35:56,0,,,,0,9:02:10,9:47:13,45:03,0,,,,0,,,,0,,,,0,,,,0,,,,0,,,,0,,,,0,,,,0,,,,728,,,,,,11,ISJVM,ISJVM,,,,,,,,,,,,,,,,,,,,,,0,0,0,,,,,,,,1:20:59,2
,98,,2064506,2064506,,,,,98,Doe_98,Shallah,1998,M,,,,,,,X,X,0,0,0,0,0,12:22:10,13:07:49,45:39,0,,,,0,9:38:10,10:19:50,41:40,0,,,,0,,,,0,,,,0,,,,0,,,,0,,,,0,,,,0,,,,0,,,,728,,,,,,11,ISJVM,ISJVM,,,,,,,,,,,,,,,,,,,,,,0,0,0,,,,,,,,1:27:19,3
,97,,2033278,2033278,,,,,97,Doe_97,Dustin,1997,M,,,,,,,X,X,0,0,0,0,0,12:06:11,12:41:33,35:22,0,,,,0,9:54:14,10:55:24,1:01:10,0,,,,0,,,,0,,,,0,,,,0,,,,0,,,,0,,,,0,,,,0,,,,728,,,,,,11,ISJVM,ISJVM,,,,,,,,,,,,,,,,,,,,,,0,0,0,,,,,,,,1:36:32,4
,143,,2075716,2075716,,,,,143,Doe_143,Jacob,2001,M,,,,,,,X,X,0,0,0,0,0,11:54:13,12:36:13,42:00,0,,,,0,10:06:13,11:01:42,55:29,0,,,,0,,,,0,,,,0,,,,0,,,,0,,,,0,,,,0,,,,0,,,,792,,,,,,11,ISJVM,ISJVM,,,,,,,,,,,,,,,,,,,,,,0,0,0,,,,,,,,1:37:29,5
,130,,2033274,2033274,,,,,130,Doe_130,Warren,1999,M,,,,,,,X,X,0,0,0,0,0,11:46:06,12:24:53,38:47,0,,,,0,9:52:07,10:57:34,1:05:27,0,,,,0,,,,0,,,,0,,,,0,,,,0,,,,0,,,,0,,,,0,,,,728,,,,,,11,ISJVM,ISJVM,,,,,,,,,,,,,,,,,,,,,,0,0,0,,,,,,,,1:44:14,6
,8,,2046707,2046707,,,,,8,Doe_8,Dylan,1999,M,,,,,,,X,X,0,0,0,0,0,11:18:15,12:08:08,49:53,0,,,,0,10:42:08,11:41:30,59:22,0,,,,0,,,,0,,,,0,,,,0,,,,0,,,,0,,,,0,,,,0,,,,753,,,,,,11,ISJVM,ISJVM,,,,,,,,,,,,,,,,,,,,,,0,0,0,,,,,,,,1:49:15,7
,159,,2092347,2092347,,,,,159,Doe_159,Jadie,1999,M,,,,,,,X,X,0,0,0,0,0,11:24:11,12:13:35,49:24,0,,,,0,10:36:08,11:36:35,1:00:27,0,,,,0,,,,0,,,,0,,,,0,,,,0,,,,0,,,,0,,,,0,,,,792,,,,,,11,ISJVM,ISJVM,,,,,,,,,,,,,,,,,,,,,,0,0,0,,,,,,,,1:49:51,8
,163,,2068591,2068591,,,,,163,Doe_163,Daniel,1999,M,,,,,,,X,X,0,0,0,0,0,10:18:12,11:20:15,1:02:03,0,,,,0,11:42:11,12:37:21,55:10,0,,,,0,,,,0,,,,0,,,,0,,,,0,,,,0,,,,0,,,,0,,,,721,,,,,,11,ISJVM,ISJVM,,,,,,,,,,,,,,,,,,,,,,0,0,0,,,,,,,,1:57:13,9
,196,,2092186,2092186,,,,,196,Doe_196,Ben,2000,M,,,,,,,X,X,0,0,0,0,0,11:22:07,12:26:49,1:04:42,0,,,,0,10:38:10,11:31:01,52:51,0,,,,0,,,,0,,,,0,,,,0,,,,0,,,,0,,,,0,,,,0,,,,920,,,,,,11,ISJVM,ISJVM,,,,,,,,,,,,,,,,,,,,,,0,0,0,,,,,,,,1:57:33,10
,272,,348753,348753,,,,,272,Doe_272,Devon,2000,M,,,,,,,X,X,0,0,0,0,0,10:08:10,11:07:30,59:20,0,,,,0,11:52:12,12:55:00,1:02:48,0,,,,0,,,,0,,,,0,,,,0,,,,0,,,,0,,,,0,,,,0,,,,708,,,,,,11,ISJVM,ISJVM,,,,,,,,,,,,,,,,,,,,,,0,0,0,,,,,,,,2:02:08,11
,177,,2068592,2068592,,,,,177,Doe_177,Michael,2001,M,,,,,,,X,X,0,0,0,0,0,10:24:09,11:29:20,1:05:11,0,,,,0,11:36:11,12:45:10,1:08:59,0,,,,0,,,,0,,,,0,,,,0,,,,0,,,,0,,,,0,,,,0,,,,721,,,,,,11,ISJVM,ISJVM,,,,,,,,,,,,,,,,,,,,,,0,0,0,,,,,,,,2:14:10,12
,54,,2051216,2051216,,,,,54,Doe_54,Griff,1997,M,,,,,,,X,X,0,0,0,0,0,10:32:12,11:30:11,57:59,0,,,,0,11:28:13,12:46:23,1:18:10,0,,,,0,,,,0,,,,0,,,,0,,,,0,,,,0,,,,0,,,,0,,,,770,,,,,,11,ISJVM,ISJVM,,,,,,,,,,,,,,,,,,,,,,0,0,0,,,,,,,,2:16:09,13
,147,,2075714,2075714,,,,,147,Doe_147,Antonio,2000,M,,,,,,,X,X,0,0,0,0,0,12:12:16,13:22:38,1:10:22,0,,,,0,9:48:11,10:58:27,1:10:16,0,,,,0,,,,0,,,,0,,,,0,,,,0,,,,0,,,,0,,,,0,,,,792,,,,,,11,ISJVM,ISJVM,,,,,,,,,,,,,,,,,,,,,,0,0,0,,,,,,,,2:20:38,14
,140,,2092349,2092349,,,,,140,Doe_140,Javier,1998,M,,,,,,,X,X,0,0,0,0,0,11:48:10,12:52:21,1:04:11,0,,,,0,10:12:10,11:31:05,1:18:55,0,,,,0,,,,0,,,,0,,,,0,,,,0,,,,0,,,,0,,,,0,,,,792,,,,,,11,ISJVM,ISJVM,,,,,,,,,,,,,,,,,,,,,,0,0,0,,,,,,,,2:23:06,15
,37,,2068298,2068298,,,,,37,Doe_37,Ethan,1999,M,,,,,,,X,X,0,0,0,0,0,12:42:10,13:50:08,1:07:58,0,,,,0,9:18:10,10:42:07,1:23:57,0,,,,0,,,,0,,,,0,,,,0,,,,0,,,,0,,,,0,,,,0,,,,773,,,,,,11,ISJVM,ISJVM,,,,,,,,,,,,,,,,,,,,,,0,0,0,,,,,,,,2:31:55,16
,174,,2068594,2068594,,,,,174,Doe_174,Joshua,1999,M,,,,,,,X,X,0,0,0,0,0,10:05:34,11:28:58,1:23:24,0,,,,0,11:54:11,13:02:44,1:08:33,0,,,,0,,,,0,,,,0,,,,0,,,,0,,,,0,,,,0,,,,0,,,,721,,,,,,11,ISJVM,ISJVM,,,,,,,,,,,,,,,,,,,,,,0,0,0,,,,,,,,2:31:57,17
,193,,2092188,2092188,,,,,193,Doe_193,Dillon,1999,M,,,,,,,X,X,0,0,0,0,0,11:34:10,12:36:25,1:02:15,0,,,,0,10:26:11,11:57:15,1:31:04,0,,,,0,,,,0,,,,0,,,,0,,,,0,,,,0,,,,0,,,,0,,,,920,,,,,,11,ISJVM,ISJVM,,,,,,,,,,,,,,,,,,,,,,0,0,0,,,,,,,,2:33:19,18
,16,,2046710,2046710,,,,,16,Doe_16,Alex,1999,M,,,,,,,X,X,0,0,0,0,0,11:06:09,12:26:51,1:20:42,0,,,,0,10:54:10,12:13:20,1:19:10,0,,,,0,,,,0,,,,0,,,,0,,,,0,,,,0,,,,0,,,,0,,,,753,,,,,,11,ISJVM,ISJVM,,,,,,,,,,,,,,,,,,,,,,0,0,0,,,,,,,,2:39:52,19
,4,,2046706,2046706,,,,,4,Doe_4,Carson,1998,M,,,,,,,X,X,0,0,0,0,0,10:49:21,12:36:37,1:47:16,0,,,,0,11:10:08,12:09:45,59:37,0,,,,0,,,,0,,,,0,,,,0,,,,0,,,,0,,,,0,,,,0,,,,753,,,,,,11,ISJVM,ISJVM,,,,,,,,,,,,,,,,,,,,,,0,0,0,,,,,,,,2:46:53,20
,33,,2068320,2068320,,,,,33,Doe_33,Braden,2000,M,,,,,,,X,X,0,0,0,0,0,12:54:12,14:25:02,1:30:50,0,,,,0,9:06:10,10:24:12,1:18:02,0,,,,0,,,,0,,,,0,,,,0,,,,0,,,,0,,,,0,,,,0,,,,773,,,,,,11,ISJVM,ISJVM,,,,,,,,,,,,,,,,,,,,,,0,0,0,,,,,,,,2:48:52,21
,268,,2033261,2033261,,,,,268,Doe_268,Sawyer,2000,M,,,,,,,X,X,0,0,0,0,0,10:02:10,11:25:34,1:23:24,0,,,,0,11:58:11,13:24:22,1:26:11,0,,,,0,,,,0,,,,0,,,,0,,,,0,,,,0,,,,0,,,,0,,,,708,,,,,,11,ISJVM,ISJVM,,,,,,,,,,,,,,,,,,,,,,0,0,0,,,,,,,,2:49:35,22
,156,,2075715,2075715,,,,,156,Doe_156,Patrick,1998,M,,,,,,,X,X,0,0,0,0,0,12:00:12,13:29:59,1:29:47,0,,,,0,10:00:09,11:22:19,1:22:10,0,,,,0,,,,0,,,,0,,,,0,,,,0,,,,0,,,,0,,,,0,,,,792,,,,,,11,ISJVM,ISJVM,,,,,,,,,,,,,,,,,,,,,,0,0,0,,,,,,,,2:51:57,23
,274,,348778,348778,,,,,274,Doe_274,Seth,1999,M,,,,,,,X,X,0,0,0,0,0,11:04:09,12:47:19,1:43:10,0,,,,0,10:56:11,12:06:26,1:10:15,0,,,,0,,,,0,,,,0,,,,0,,,,0,,,,0,,,,0,,,,0,,,,708,,,,,,11,ISJVM,ISJVM,,,,,,,,,,,,,,,,,,,,,,0,0,0,,,,,,,,2:53:25,24
,228,,2064896,2064896,,,,,228,Doe_228,Jovard,2000,M,,,,,,,X,X,0,0,0,0,0,10:16:11,11:33:58,1:17:47,0,,,,0,11:44:11,13:26:00,1:41:49,0,,,,0,,,,0,,,,0,,,,0,,,,0,,,,0,,,,0,,,,0,,,,703,,,,,,11,ISJVM,ISJVM,,,,,,,,,,,,,,,,,,,,,,0,0,0,,,,,,,,2:59:36,25
,194,,2092189,2092189,,,,,194,Doe_194,Damien,2000,M,,,,,,,X,X,0,0,0,0,0,11:28:09,13:01:44,1:33:35,0,,,,0,10:32:10,12:08:01,1:35:51,0,,,,0,,,,0,,,,0,,,,0,,,,0,,,,0,,,,0,,,,0,,,,920,,,,,,11,ISJVM,ISJVM,,,,,,,,,,,,,,,,,,,,,,0,0,0,,,,,,,,3:09:26,26
,289,,2054187,2054187,,,,,289,Doe_289,Tyler,2000,M,,,,,,,X,X,0,0,0,0,0,12:56:08,14:47:32,1:51:24,0,,,,0,9:04:12,10:23:10,1:18:58,0,,,,0,,,,0,,,,0,,,,0,,,,0,,,,0,,,,0,,,,0,,,,924,,,,,,11,ISJVM,ISJVM,,,,,,,,,,,,,,,,,,,,,,X,0,0,,,,,,,,3:10:22,27
,25,,2068330,2068330,,,,,25,Doe_25,Anthony,1997,M,,,,,,,X,X,0,0,0,0,0,13:00:14,15:10:26,2:10:12,0,,,,0,9:00:13,10:04:30,1:04:17,0,,,,0,,,,0,,,,0,,,,0,,,,0,,,,0,,,,0,,,,0,,,,773,,,,,,11,ISJVM,ISJVM,,,,,,,,,,,,,,,,,,,,,,0,0,0,,,,,,,,3:14:29,28
,44,,2051217,2051217,,,,,44,Doe_44,Jacob,1999,M,,,,,,,X,X,0,0,0,0,0,10:44:10,12:09:35,1:25:25,0,,,,0,11:16:11,13:05:48,1:49:37,0,,,,0,,,,0,,,,0,,,,0,,,,0,,,,0,,,,0,,,,0,,,,770,,,,,,11,ISJVM,ISJVM,,,,,,,,,,,,,,,,,,,,,,0,0,0,,,,,,,,3:15:02,29
,72,,2037961,2037961,,,,,72,Doe_72,Jeffrey,2000,M,,,,,,,X,X,0,0,0,0,0,11:14:10,12:32:17,1:18:07,0,,,,0,10:46:11,12:50:25,2:04:14,0,,,,0,,,,0,,,,0,,,,0,,,,0,,,,0,,,,0,,,,0,,,,769,,,,,,11,ISJVM,ISJVM,,,,,,,,,,,,,,,,,,,,,,0,0,0,,,,,,,,3:22:21,30
,62,,2041664,2041664,,,,,62,Doe_62,Matthew,2000,M,,,,,,,X,X,0,0,0,0,0,10:30:11,12:10:55,1:40:44,0,,,,0,11:30:13,13:12:27,1:42:14,0,,,,0,,,,0,,,,0,,,,0,,,,0,,,,0,,,,0,,,,0,,,,751,,,,,,11,ISJVM,ISJVM,,,,,,,,,,,,,,,,,,,,,,0,0,0,,,,,,,,3:22:58,31
,150,,2092350,2092350,,,,,150,Doe_150,Johnson,1997,M,,,,,,,X,X,0,0,0,0,0,11:30:11,12:59:48,1:29:37,0,,,,0,10:30:09,12:23:31,1:53:22,0,,,,0,,,,0,,,,0,,,,0,,,,0,,,,0,,,,0,,,,0,,,,792,,,,,,11,ISJVM,ISJVM,,,,,,,,,,,,,,,,,,,,,,0,0,0,,,,,,,,3:22:59,32
,19,,2046713,2046713,,,,,19,Doe_19,Domanique,1998,M,,,,,,,X,X,0,0,0,0,0,11:00:13,13:12:11,2:11:58,0,,,,0,11:00:11,12:13:19,1:13:08,0,,,,0,,,,0,,,,0,,,,0,,,,0,,,,0,,,,0,,,,0,,,,753,,,,,,11,ISJVM,ISJVM,,,,,,,,,,,,,,,,,,,,,,0,0,0,,,,,,,,3:25:06,33
,96,,2054168,2054168,,,,,96,Doe_96,Kevon,2003,M,,,,,,,X,X,0,0,0,0,0,11:40:07,13:36:22,1:56:15,0,,,,0,10:20:10,11:53:56,1:33:46,0,,,,0,,,,0,,,,0,,,,0,,,,0,,,,0,,,,0,,,,0,,,,729,,,,,,11,ISJVM,ISJVM,,,,,,,,,,,,,,,,,,,,,,X,0,0,,,,,,,,3:30:01,34
,55,,2051218,2051218,,,,,55,Doe_55,Matthew,1998,M,,,,,,,X,X,0,0,0,0,0,10:26:09,12:26:52,2:00:43,0,,,,0,11:34:11,13:05:59,1:31:48,0,,,,0,,,,0,,,,0,,,,0,,,,0,,,,0,,,,0,,,,0,,,,770,,,,,,11,ISJVM,ISJVM,,,,,,,,,,,,,,,,,,,,,,0,0,0,,,,,,,,3:32:31,35
,69,,2037962,2037962,,,,,69,Doe_69,Deacon,2000,M,,,,,,,X,X,0,0,0,0,0,11:20:12,12:48:23,1:28:11,0,,,,0,10:40:11,12:50:27,2:10:16,0,,,,0,,,,0,,,,0,,,,0,,,,0,,,,0,,,,0,,,,0,,,,769,,,,,,11,ISJVM,ISJVM,,,,,,,,,,,,,,,,,,,,,,0,0,0,,,,,,,,3:38:27,36
,35,,2068324,2068324,,,,,35,Doe_35,Justin,1997,M,,,,,,,X,X,0,0,0,0,0,12:48:10,14:58:20,2:10:10,0,,,,0,9:12:11,10:42:09,1:29:58,0,,,,0,,,,0,,,,0,,,,0,,,,0,,,,0,,,,0,,,,0,,,,773,,,,,,11,ISJVM,ISJVM,,,,,,,,,,,,,,,,,,,,,,0,0,0,,,,,,,,3:40:08,37
,295,,2054193,2054193,,,,,295,Doe_295,Ethan,1998,M,,,,,,,X,X,0,0,0,0,0,12:44:09,14:40:28,1:56:19,0,,,,0,9:16:12,11:35:09,2:18:57,0,,,,0,,,,0,,,,0,,,,0,,,,0,,,,0,,,,0,,,,0,,,,924,,,,,,11,ISJVM,ISJVM,,,,,,,,,,,,,,,,,,,,,,X,0,0,,,,,,,,4:15:16,38
,76,,2037963,2037963,,,,,76,Doe_76,Aaron,1999,M,,,,,,,X,X,0,0,0,0,0,11:02:11,13:16:56,2:14:45,0,,,,0,10:58:12,13:00:37,2:02:25,0,,,,0,,,,0,,,,0,,,,0,,,,0,,,,0,,,,0,,,,0,,,,769,,,,,,11,ISJVM,ISJVM,,,,,,,,,,,,,,,,,,,,,,0,0,0,,,,,,,,4:17:10,39
,230,,2064892,2064892,,,,,230,Doe_230,Adesola,2000,M,,,,,,,X,X,0,0,0,0,0,10:10:06,13:01:49,2:51:43,0,,,,0,11:50:11,13:25:57,1:35:46,0,,,,0,,,,0,,,,0,,,,0,,,,0,,,,0,,,,0,,,,0,,,,703,,,,,,11,ISJVM,ISJVM,,,,,,,,,,,,,,,,,,,,,,0,0,0,,,,,,,,4:27:29,40
,15,,2046708,2046708,,,,,15,Doe_15,Justin,1998,M,,,,,,,X,X,0,0,0,0,0,11:12:09,13:06:27,1:54:18,0,,,,0,10:48:18,13:25:19,2:37:01,0,,,,0,,,,0,,,,0,,,,0,,,,0,,,,0,,,,0,,,,0,,,,753,,,,,,11,ISJVM,ISJVM,,,,,,,,,,,,,,,,,,,,,,0,0,0,,,,,,,,4:31:19,41
,66,,2037960,2037960,,,,,66,Doe_66,Michael,1998,M,,,,,,,X,X,0,0,0,0,0,10:56:09,13:18:21,2:22:12,0,,,,0,11:04:10,13:14:51,2:10:41,0,,,,0,,,,0,,,,0,,,,0,,,,0,,,,0,,,,0,,,,0,,,,769,,,,,,11,ISJVM,ISJVM,,,,,,,,,,,,,,,,,,,,,,0,0,0,,,,,,,,4:32:53,42
,182,,420290,420290,,,,,182,Doe_182,Garrett,2000,M,,,,,,,X,X,0,0,0,0,0,11:58:10,14:02:31,2:04:21,0,,,,0,10:02:11,12:53:12,2:51:01,0,,,,0,,,,0,,,,0,,,,0,,,,0,,,,0,,,,0,,,,0,,,,721,,,,,,11,ISJVM,ISJVM,,,,,,,,,,,,,,,,,,,,,,0,0,0,,,,,,,,4:55:22,43
,282,,2026267,2026267,,,,,282,Doe_282,Logan,2001,M,,,,,,,X,X,0,0,0,0,0,10:14:07,12:36:14,2:22:07,3,,,,0,11:46:08,13:25:56,1:39:48,0,,,,0,,,,0,,,,0,,,,0,,,,0,,,,0,,,,0,,,,0,,,,708,,,,,,11,ISJVM,ISJVM,,,,,,,,,,,,,,,,,,,,,,0,0,0,,,,,,,,,
,296,,2054194,2054194,,,,,296,Doe_296,Jesus,1997,M,,,,,,,X,X,0,0,0,0,0,12:38:08,13:56:07,1:17:59,3,,,,0,9:22:07,11:03:16,1:41:09,0,,,,0,,,,0,,,,0,,,,0,,,,0,,,,0,,,,0,,,,0,,,,924,,,,,,11,ISJVM,ISJVM,,,,,,,,,,,,,,,,,,,,,,X,0,0,,,,,,,,,
,276,,348759,348759,,,,,276,Doe_276,Bruce,2000,M,,,,,,,X,X,0,0,0,0,0,10:54:14,12:47:57,1:53:43,3,,,,0,11:06:10,13:10:32,2:04:22,3,,,,0,,,,0,,,,0,,,,0,,,,0,,,,0,,,,0,,,,0,,,,708,,,,,,11,ISJVM,ISJVM,,,,,,,,,,,,,,,,,,,,,,0,0,0,,,,,,,,,
,160,,420285,420285,,,,,160,Doe_160,Samuel,1999,M,,,,,,,X,X,0,0,0,0,0,12:52:12,,,2,,,,0,9:08:11,10:32:08,1:23:57,0,,,,0,,,,0,,,,0,,,,0,,,,0,,,,0,,,,0,,,,0,,,,721,,,,,,11,ISJVM,ISJVM,,,,,,,,,,,,,,,,,,,,,,0,0,0,,,,,,,,,
,43,,2068299,2068299,,,,,43,Doe_43,Steven,1998,M,,,,,,,X,X,0,0,0,0,0,12:31:11,14:29:43,1:58:32,3,,,,0,9:30:09,10:42:11,1:12:02,0,,,,0,,,,0,,,,0,,,,0,,,,0,,,,0,,,,0,,,,0,,,,773,,,,,,11,ISJVM,ISJVM,,,,,,,,,,,,,,,,,,,,,,0,0,0,,,,,,,,,
,297,,2054195,2054195,,,,,297,Doe_297,Alexander,2000,M,,,,,,,X,X,0,0,0,0,0,12:26:10,14:57:07,2:30:57,3,,,,0,9:34:10,12:28:58,2:54:48,3,,,,0,,,,0,,,,0,,,,0,,,,0,,,,0,,,,0,,,,0,,,,924,,,,,,11,ISJVM,ISJVM,,,,,,,,,,,,,,,,,,,,,,X,0,0,,,,,,,,,
,277,,341705,341705,,,,,277,Doe_277,Collin,2000,M,,,,,,,X,X,0,0,0,0,0,10:34:10,11:38:13,1:04:03,0,,,,0,11:26:26,13:10:32,1:44:06,2,,,,0,,,,0,,,,0,,,,0,,,,0,,,,0,,,,0,,,,0,,,,708,,,,,,11,ISJVM,ISJVM,,,,,,,,,,,,,,,,,,,,,,0,0,0,,,,,,,,,
,278,,2033263,2033263,,,,,278,Doe_278,Carlo,1998,M,,,,,,,X,X,0,0,0,0,0,10:46:10,12:27:05,1:40:55,3,,,,0,11:14:09,12:50:32,1:36:23,0,,,,0,,,,0,,,,0,,,,0,,,,0,,,,0,,,,0,,,,0,,,,708,,,,,,11,ISJVM,ISJVM,,,,,,,,,,,,,,,,,,,,,,0,0,0,,,,,,,,,
,206,,2092187,2092187,,,,,206,Doe_206,James,2000,M,,,,,,,X,X,0,0,0,0,0,11:10:09,12:32:03,1:21:54,3,,,,0,10:50:10,13:14:07,2:23:57,0,,,,0,,,,0,,,,0,,,,0,,,,0,,,,0,,,,0,,,,0,,,,920,,,,,,11,ISJVM,ISJVM,,,,,,,,,,,,,,,,,,,,,,0,0,0,,,,,,,,,
,172,,2068593,2068593,,,,,172,Doe_172,Andrew,1999,M,,,,,,,X,X,0,0,0,0,0,10:22:11,12:08:22,1:46:11,3,,,,0,11:48:13,13:02:42,1:14:29,0,,,,0,,,,0,,,,0,,,,0,,,,0,,,,0,,,,0,,,,0,,,,721,,,,,,11,ISJVM,ISJVM,,,,,,,,,,,,,,,,,,,,,,0,0,0,,,,,,,,,
,173,,420284,420284,,,,,173,Doe_173,Nicholas,2000,M,,,,,,,X,X,0,0,0,0,0,12:10:11,13:31:30,1:21:19,0,,,,0,9:50:12,11:15:41,1:25:29,3,,,,0,,,,0,,,,0,,,,0,,,,0,,,,0,,,,0,,,,0,,,,721,,,,,,11,ISJVM,ISJVM,,,,,,,,,,,,,,,,,,,,,,0,0,0,,,,,,,,,
,242,,2064530,2064530,,,,,242,Doe_242,Christopher,1999,M,,,,,,,X,X,0,0,0,0,0,11:56:09,13:52:25,1:56:16,3,,,,0,10:04:12,13:20:52,3:16:40,2,,,,0,,,,0,,,,0,,,,0,,,,0,,,,0,,,,0,,,,0,,,,771,,,,,,11,ISJVM,ISJVM,,,,,,,,,,,,,,,,,,,,,,0,0,0,,,,,,,,,
,36,,2068310,2068310,,,,,36,Doe_36,James,1998,M,,,,,,,X,X,0,0,0,0,0,12:24:11,14:25:11,2:01:00,3,,,,0,9:36:08,11:21:55,1:45:47,0,,,,0,,,,0,,,,0,,,,0,,,,0,,,,0,,,,0,,,,0,,,,773,,,,,,11,ISJVM,ISJVM,,,,,,,,,,,,,,,,,,,,,,0,0,0,,,,,,,,,
,287,,2054185,2054185,,,,,287,Doe_287,Max,1999,M,,,,,,,X,X,0,0,0,0,0,12:20:12,14:57:26,2:37:14,2,,,,0,9:40:11,12:03:56,2:23:45,0,,,,0,,,,0,,,,0,,,,0,,,,0,,,,0,,,,0,,,,0,,,,924,,,,,,11,ISJVM,ISJVM,,,,,,,,,,,,,,,,,,,,,,X,0,0,,,,,,,,,
,170,,420287,420287,,,,,170,Doe_170,Garrett,2000,M,,,,,,,X,X,0,0,0,0,0,12:16:07,14:26:30,2:10:23,0,,,,0,9:44:06,11:21:37,1:37:31,3,,,,0,,,,0,,,,0,,,,0,,,,0,,,,0,,,,0,,,,0,,,,721,,,,,,11,ISJVM,ISJVM,,,,,,,,,,,,,,,,,,,,,,0,0,0,,,,,,,,,
,145,,2075717,2075717,,,,,145,Doe_145,Deavin,2000,M,,,,,,,X,X,0,0,0,0,0,11:42:10,14:00:03,2:17:53,0,,,,0,10:18:24,12:23:01,2:04:37,2,,,,0,,,,0,,,,0,,,,0,,,,0,,,,0,,,,0,,,,0,,,,792,,,,,,11,ISJVM,ISJVM,,,,,,,,,,,,,,,,,,,,,,0,0,0,,,,,,,,,
,30,,2068296,2068296,,,,,30,Doe_30,Conner,1998,M,,,,,,,X,X,0,0,0,0,0,12:36:11,15:17:33,2:41:22,3,,,,0,9:24:10,11:11:33,1:47:23,0,,,,0,,,,0,,,,0,,,,0,,,,0,,,,0,,,,0,,,,0,,,,773,,,,,,11,ISJVM,ISJVM,,,,,,,,,,,,,,,,,,,,,,0,0,0,,,,,,,,,
,263,,2037955,2037955,,,,,263,Doe_263,Michael,2000,M,,,,,,,X,X,0,0,0,0,0,10:20:09,12:24:39,2:04:30,3,,,,0,11:40:12,13:28:57,1:48:45,2,,,,0,,,,0,,,,0,,,,0,,,,0,,,,0,,,,0,,,,0,,,,708,,,,,,11,ISJVM,ISJVM,,,,,,,,,,,,,,,,,,,,,,0,0,0,,,,,,,,,
,164,,2092330,2092330,,,,,164,Doe_164,Damala,1999,M,,,,,,,X,X,0,0,0,0,0,12:46:10,13:56:48,1:10:38,0,,,,0,9:14:00,,,2,,,lost ecard,0,,,,0,,,,0,,,,0,,,,0,,,,0,,,,0,,,,0,,,,721,,,,,,11,ISJVM,ISJVM,,,,,,,,,,,,,,,,,,,,,,0,0,0,,,,,,,,,
,176,,2092337,2092337,,,,,176,Doe_176,Taylor,1999,M,,,,,,,X,X,0,0,0,0,0,12:04:15,13:35:42,1:31:27,3,,,,0,9:56:13,11:20:26,1:24:13,0,,,,0,,,,0,,,,0,,,,0,,,,0,,,,0,,,,0,,,,0,,,,721,,,,,,11,ISJVM,ISJVM,,,,,,,,,,,,,,,,,,,,,,0,0,0,,,,,,,,,
,46,,2051284,2051284,,,,,46,Doe_46,William,2000,M,,,,,,,X,X,0,0,0,0,0,10:03:19,11:43:26,1:40:07,3,,,,0,11:56:11,13:34:44,1:38:33,0,,,,0,,,,0,,,,0,,,,0,,,,0,,,,0,,,,0,,,,0,,,,770,,,,,,11,ISJVM,ISJVM,,,,,,,,,,,,,,,,,,,,,,0,0,0,,,,,,,,,
,284,,2054182,2054182,,,,,284,Doe_284,Malcolm,1999,M,,,,,,,X,X,0,0,0,0,0,12:32:16,13:56:17,1:24:01,3,,,,0,9:28:10,11:20:32,1:52:22,0,,,,0,,,,0,,,,0,,,,0,,,,0,,,,0,,,,0,,,,0,,,,924,,,,,,11,ISJVM,ISJVM,,,,,,,,,,,,,,,,,,,,,,X,0,0,,,,,,,,,
,131,,2033275,2033275,,,,,131,Doe_131,Aminah,1998,F,,,,,,,X,X,0,0,0,0,0,12:32:13,13:48:55,1:16:42,0,,,,0,9:28:11,10:30:51,1:02:40,0,,,,0,,,,0,,,,0,,,,0,,,,0,,,,0,,,,0,,,,0,,,,728,,,,,,13,ISVF,ISVF,,,,,,,,,,,,,,,,,,,,,,0,0,0,,,,,,,,2:19:22,1
,125,,2092341,2092341,,,,,125,Doe_125,Alisia,1996,F,,,,,,,X,X,0,0,0,0,0,11:20:09,12:39:33,1:19:24,0,,,,0,10:40:11,11:50:14,1:10:03,0,,,,0,,,,0,,,,0,,,,0,,,,0,,,,0,,,,0,,,,0,,,,728,,,,,,13,ISVF,ISVF,,,,,,,,,,,,,,,,,,,,,,0,0,0,,,,,,,,2:29:27,2
,17,,2046703,2046703,,,,,17,Doe_17,Taylor,1997,F,,,,,,,X,X,0,0,0,0,0,11:04:12,12:12:54,1:08:42,0,,,,0,10:56:12,12:21:12,1:25:00,0,,,,0,,,,0,,,,0,,,,0,,,,0,,,,0,,,,0,,,,0,,,,753,,,,,,13,ISVF,ISVF,,,,,,,,,,,,,,,,,,,,,,0,0,0,,,,,,,,2:33:42,3
,121,,2064505,2064505,,,,,121,Doe_121,Brittany,1998,F,,,,,,,X,X,0,0,0,0,0,12:22:10,14:03:08,1:40:58,0,,,,0,9:38:10,10:51:57,1:13:47,0,,,,0,,,,0,,,,0,,,,0,,,,0,,,,0,,,,0,,,,0,,,,728,,,,,,13,ISVF,ISVF,,,,,,,,,,,,,,,,,,,,,,0,0,0,,,,,,,,2:54:45,4
,146,,2075719,2075719,,,,,146,Doe_146,Haley,1998,F,,,,,,,X,X,0,0,0,0,0,12:08:08,13:35:39,1:27:31,0,,,,0,9:52:08,11:24:40,1:32:32,0,,,,0,,,,0,,,,0,,,,0,,,,0,,,,0,,,,0,,,,0,,,,792,,,,,,13,ISVF,ISVF,,,,,,,,,,,,,,,,,,,,,,0,0,0,,,,,,,,3:00:03,5
,241,,2064523,2064523,,,,,241,Doe_241,Alissa,2001,F,,,,,,,X,X,0,0,0,0,0,11:28:12,13:17:48,1:49:36,0,,,,0,10:32:10,12:19:05,1:46:55,0,,,,0,,,,0,,,,0,,,,0,,,,0,,,,0,,,,0,,,,0,,,,771,,,,,,13,ISVF,ISVF,,,,,,,,,,,,,,,,,,,,,,0,0,0,,,,,,,,3:36:31,6
,235,,2064519,2064519,,,,,235,Doe_235,Lacy,1998,F,,,,,,,X,X,0,0,0,0,0,12:20:11,14:25:02,2:04:51,0,,,,0,9:40:12,12:09:58,2:29:46,0,,,,0,,,,0,,,,0,,,,0,,,,0,,,,0,,,,0,,,,0,,,,771,,,,,,13,ISVF,ISVF,,,,,,,,,,,,,,,,,,,,,,0,0,0,,,,,,,,4:34:37,7
,191,,2092183,2092183,,,,,191,Doe_191,Jamie,1998,F,,,,,,,X,X,0,0,0,0,0,11:40:09,14:17:35,2:37:26,3,,,,0,10:20:08,11:35:35,1:15:27,0,,,,0,,,,0,,,,0,,,,0,,,,0,,,,0,,,,0,,,,0,,,,920,,,,,,13,ISVF,ISVF,,,,,,,,,,,,,,,,,,,,,,0,0,0,,,,,,,,,
,29,,2068313,2068313,,,,,29,Doe_29,Madison,1998,F,,,,,,,X,X,0,0,0,0,0,12:46:11,14:47:36,2:01:25,3,,,,0,9:14:11,11:10:27,1:56:16,0,,,,0,,,,0,,,,0,,,,0,,,,0,,,,0,,,,0,,,,0,,,,773,,,,,,13,ISVF,ISVF,,,,,,,,,,,,,,,,,,,,,,0,0,0,,,,,,,,,
,239,,2064522,2064522,,,,,239,Doe_239,Dayzhana,1997,F,,,,,,,X,X,0,0,0,0,0,11:54:11,,,3,,,,0,10:06:15,12:19:56,2:13:41,0,,,,0,,,,0,,,,0,,,,0,,,,0,,,,0,,,,0,,,,0,,,,771,,,,,,13,ISVF,ISVF,,,,,,,,,,,,,,,,,,,,,,0,0,0,,,,,,,,,
,124,,9200474,9200474,,,,,124,Doe_124,Michael,1998,M,,,,,,,X,X,0,0,0,0,0,12:35:11,13:29:22,54:11,0,,,,0,9:25:10,10:21:43,56:33,0,,,,0,,,,0,,,,0,,,,0,,,,0,,,,0,,,,0,,,,0,,,,728,,,,,,15,ISVM,ISVM,,,,,,,,,,,,,,,,,,,,,,0,0,0,,,,,,,,1:50:44,1
,21,,2046702,2046702,,,,,21,Doe_21,Jordan,1997,M,,,,,,,X,X,0,0,0,0,0,11:07:11,12:05:25,58:14,0,,,,0,10:53:09,11:50:05,56:56,0,,,,0,,,,0,,,,0,,,,0,,,,0,,,,0,,,,0,,,,0,,,,753,,,,,,15,ISVM,ISVM,,,,,,,,,,,,,,,,,,,,,,0,0,0,,,,,,,,1:55:10,2
,101,,2033273,2033273,,,,,101,Doe_101,Isaac,1998,M,,,,,,,X,X,0,0,0,0,0,12:59:12,13:56:51,57:39,0,,,,0,9:01:14,10:01:24,1:00:10,0,,,,0,,,,0,,,,0,,,,0,,,,0,,,,0,,,,0,,,,0,,,,728,,,,,,15,ISVM,ISVM,,,,,,,,,,,,,,,,,,,,,,0,0,0,,,,,,,,1:57:49,3
,280,,2026269,2026269,,,,,280,Doe_280,Dylan,1999,M,,,,,,,X,X,0,0,0,0,0,11:03:12,12:13:31,1:10:19,0,,,,0,10:57:11,11:57:45,1:00:34,0,,,,0,,,,0,,,,0,,,,0,,,,0,,,,0,,,,0,,,,0,,,,708,,,,,,15,ISVM,ISVM,,,,,,,,,,,,,,,,,,,,,,0,0,0,,,,,,,,2:10:53,4
,152,,2075720,2075720,,,,,152,Doe_152,Gazaille,2000,M,,,,,,,X,X,0,0,0,0,0,12:07:14,13:16:01,1:08:47,0,,,,0,9:53:11,10:57:00,1:03:49,0,,,,0,,,,0,,,,0,,,,0,,,,0,,,,0,,,,0,,,,0,,,,792,,,,,,15,ISVM,ISVM,,,,,,,,,,,,,,,,,,,,,,0,0,0,,,,,,,,2:12:36,5
,126,,2033272,2033272,,,,,126,Doe_126,Andrew,1997,M,,,,,,,X,X,0,0,0,0,0,12:29:13,13:29:15,1:00:02,0,,,,0,9:31:11,10:48:50,1:17:39,0,,,,0,,,,0,,,,0,,,,0,,,,0,,,,0,,,,0,,,,0,,,,728,,,,,,15,ISVM,ISVM,,,,,,,,,,,,,,,,,,,,,,0,0,0,,,,,,,,2:17:41,6
,127,,2064502,2064502,,,,,127,Doe_127,Richard,1998,M,,,,,,,X,X,0,0,0,0,0,12:17:15,13:34:19,1:17:04,0,,,,0,9:43:11,10:51:53,1:08:42,0,,,,0,,,,0,,,,0,,,,0,,,,0,,,,0,,,,0,,,,0,,,,728,,,,,,15,ISVM,ISVM,,,,,,,,,,,,,,,,,,,,,,0,0,0,,,,,,,,2:25:46,7
,24,,2046705,2046705,,,,,24,Doe_24,Zachary,1998,M,,,,,,,X,X,0,0,0,0,0,11:01:10,12:31:06,1:29:56,0,,,,0,10:59:11,12:09:27,1:10:16,0,,,,0,,,,0,,,,0,,,,0,,,,0,,,,0,,,,0,,,,0,,,,753,,,,,,15,ISVM,ISVM,,,,,,,,,,,,,,,,,,,,,,0,0,0,,,,,,,,2:40:12,8
,26,,2068372,2068372,,,,,26,Doe_26,Steven,1998,M,,,,,,,X,X,0,0,0,0,0,12:49:10,14:07:01,1:17:51,0,,,,0,9:11:10,10:34:20,1:23:10,0,,,,0,,,,0,,,,0,,,,0,,,,0,,,,0,,,,0,,,,0,,,,773,,,,,,15,ISVM,ISVM,,,,,,,,,,,,,,,,,,,,,,0,0,0,,,,,,,,2:41:01,9
,153,,2092344,2092344,,,,,153,Doe_153,Jake,2000,M,,,,,,,X,X,0,0,0,0,0,12:01:15,13:33:25,1:32:10,0,,,,0,9:59:15,11:09:56,1:10:41,0,,,,0,,,,0,,,,0,,,,0,,,,0,,,,0,,,,0,,,,0,,,,792,,,,,,15,ISVM,ISVM,,,,,,,,,,,,,,,,,,,,,,0,0,0,,,,,,,,2:42:51,10
,142,,2092345,2092345,,,,,142,Doe_142,Adam,1998,M,,,,,,,X,X,0,0,0,0,0,11:55:12,13:17:53,1:22:41,0,,,,0,10:05:11,11:25:24,1:20:13,0,,,,0,,,,0,,,,0,,,,0,,,,0,,,,0,,,,0,,,,0,,,,792,,,,,,15,ISVM,ISVM,,,,,,,,,,,,,,,,,,,,,,0,0,0,,,,,,,,2:42:54,11
,245,,2064520,2064520,,,,,245,Doe_245,Zackary,1999,M,,,,,,,X,X,0,0,0,0,0,12:09:12,13:33:31,1:24:19,0,,,,0,9:51:12,11:11:22,1:20:10,0,,,,0,,,,0,,,,0,,,,0,,,,0,,,,0,,,,0,,,,0,,,,771,,,,,,15,ISVM,ISVM,,,,,,,,,,,,,,,,,,,,,,0,0,0,,,,,,,,2:44:29,12
,64,,2051291,2051291,,,,,64,Doe_64,David,1998,M,,,,,,,X,X,0,0,0,0,0,10:07:11,11:35:03,1:27:52,0,,,,0,11:53:11,13:10:12,1:17:01,0,,,,0,,,,0,,,,0,,,,0,,,,0,,,,0,,,,0,,,,0,,,,751,,,,,,15,ISVM,ISVM,,,,,,,,,,,,,,,,,,,,,,0,0,0,,,,,,,,2:44:53,13
,48,,2051283,2051283,,,,,48,Doe_48,Ryan,1998,M,,,,,,,X,X,0,0,0,0,0,10:03:11,11:39:35,1:36:24,0,,,,0,11:57:10,13:06:47,1:09:37,0,,,,0,,,,0,,,,0,,,,0,,,,0,,,,0,,,,0,,,,0,,,,770,,,,,,15,ISVM,ISVM,,,,,,,,,,,,,,,,,,,,,,0,0,0,,,,,,,,2:46:01,14
,102,,2064501,2064501,,,,,102,Doe_102,Anant,1998,M,,,,,,,X,X,0,0,0,0,0,12:53:14,14:25:33,1:32:19,0,,,,0,9:07:10,10:21:18,1:14:08,0,,,,0,,,,0,,,,0,,,,0,,,,0,,,,0,,,,0,,,,0,,,,728,,,,,,15,ISVM,ISVM,,,,,,,,,,,,,,,,,,,,,,0,0,0,,,,,,,,2:46:27,15
,192,,2092185,2092185,,,,,192,Doe_192,Josue,1997,M,,,,,,,X,X,0,0,0,0,0,11:31:13,13:02:38,1:31:25,0,,,,0,10:29:11,11:47:17,1:18:06,0,,,,0,,,,0,,,,0,,,,0,,,,0,,,,0,,,,0,,,,0,,,,920,,,,,,15,ISVM,ISVM,,,,,,,,,,,,,,,,,,,,,,0,0,0,,,,,,,,2:49:31,16
,53,,2051281,2051281,,,,,53,Doe_53,Joey,1998,M,,,,,,,X,X,0,0,0,0,0,10:13:09,11:46:05,1:32:56,0,,,,0,11:47:11,13:04:24,1:17:13,0,,,,0,,,,0,,,,0,,,,0,,,,0,,,,0,,,,0,,,,0,,,,770,,,,,,15,ISVM,ISVM,,,,,,,,,,,,,,,,,,,,,,0,0,0,,,,,,,,2:50:09,17
,34,,2068350,2068350,,,,,34,Doe_34,Christian,1998,M,,,,,,,X,X,0,0,0,0,0,12:31:32,14:00:52,1:29:20,0,,,,0,9:29:10,10:52:48,1:23:38,0,,,,0,,,,0,,,,0,,,,0,,,,0,,,,0,,,,0,,,,0,,,,773,,,,,,15,ISVM,ISVM,,,,,,,,,,,,,,,,,,,,,,0,0,0,,,,,,,,2:52:58,18
,181,,2041607,2041607,,,,,181,Doe_181,Colin,1999,M,,,,,,,X,X,0,0,0,0,0,10:09:09,11:47:51,1:38:42,0,,,,0,11:51:12,13:07:10,1:15:58,0,,,,0,,,,0,,,,0,,,,0,,,,0,,,,0,,,,0,,,,0,,,,721,,,,,,15,ISVM,ISVM,,,,,,,,,,,,,,,,,,,,,,0,0,0,,,,,,,,2:54:40,19
,166,,2041605,2041605,,,,,166,Doe_166,John,1998,M,,,,,,,X,X,0,0,0,0,0,10:51:08,12:08:34,1:17:26,0,,,,0,11:09:10,12:50:02,1:40:52,0,,,,0,,,,0,,,,0,,,,0,,,,0,,,,0,,,,0,,,,0,,,,721,,,,,,15,ISVM,ISVM,,,,,,,,,,,,,,,,,,,,,,0,0,0,,,,,,,,2:58:18,20
,244,,2064517,2064517,,,,,244,Doe_244,Justin,1998,M,,,,,,,X,X,0,0,0,0,0,12:03:13,13:33:37,1:30:24,0,,,,0,9:57:11,11:25:07,1:27:56,0,,,,0,,,,0,,,,0,,,,0,,,,0,,,,0,,,,0,,,,0,,,,771,,,,,,15,ISVM,ISVM,,,,,,,,,,,,,,,,,,,,,,0,0,0,,,,,,,,2:58:20,21
,57,,2028617,2028617,,,,,57,Doe_57,Branton,1998,M,,,,,,,X,X,0,0,0,0,0,10:57:13,12:42:01,1:44:48,0,,,,0,11:03:11,12:17:50,1:14:39,0,,,,0,,,,0,,,,0,,,,0,,,,0,,,,0,,,,0,,,,0,,,,921,,,,,,15,ISVM,ISVM,,,,,,,,,,,,,,,,,,,,,,0,0,0,,,,,,,,2:59:27,22
,50,,2051282,2051282,,,,,50,Doe_50,Brandon,1998,M,,,,,,,X,X,0,0,0,0,0,10:41:09,12:05:10,1:24:01,0,,,,0,11:19:10,12:55:30,1:36:20,0,,,,0,,,,0,,,,0,,,,0,,,,0,,,,0,,,,0,,,,0,,,,770,,,,,,15,ISVM,ISVM,,,,,,,,,,,,,,,,,,,,,,0,0,0,,,,,,,,3:00:21,23
,195,,2092184,2092184,,,,,195,Doe_195,Austin,1998,M,,,,,,,X,X,0,0,0,0,0,11:23:11,13:06:15,1:43:04,0,,,,0,10:37:08,12:00:23,1:23:15,0,,,,0,,,,0,,,,0,,,,0,,,,0,,,,0,,,,0,,,,0,,,,920,,,,,,15,ISVM,ISVM,,,,,,,,,,,,,,,,,,,,,,0,0,0,,,,,,,,3:06:19,24
,10,,2046704,2046704,,,,,10,Doe_10,Garrett,1997,M,,,,,,,X,X,0,0,0,0,0,11:25:14,13:07:48,1:42:34,0,,,,0,10:35:11,12:00:24,1:25:13,0,,,,0,,,,0,,,,0,,,,0,,,,0,,,,0,,,,0,,,,0,,,,753,,,,,,15,ISVM,ISVM,,,,,,,,,,,,,,,,,,,,,,0,0,0,,,,,,,,3:07:47,25
,293,,2054191,2054191,,,,,293,Doe_293,Todd,1999,M,,,,,,,X,X,0,0,0,0,0,12:33:09,14:10:27,1:37:18,0,,,,0,9:27:09,10:57:49,1:30:40,0,,,,0,,,,0,,,,0,,,,0,,,,0,,,,0,,,,0,,,,0,,,,924,,,,,,15,ISVM,ISVM,,,,,,,,,,,,,,,,,,,,,,X,0,0,,,,,,,,3:07:58,26
,61,,2051289,2051289,,,,,61,Doe_61,Kade,1997,M,,,,,,,X,X,0,0,0,0,0,10:25:09,11:56:07,1:30:58,0,,,,0,11:35:10,13:15:53,1:40:43,0,,,,0,,,,0,,,,0,,,,0,,,,0,,,,0,,,,0,,,,0,,,,751,,,,,,15,ISVM,ISVM,,,,,,,,,,,,,,,,,,,,,,0,0,0,,,,,,,,3:11:41,27
,233,,2064518,2064518,,,,,233,Doe_233,Sterling,2000,M,,,,,,,X,X,0,0,0,0,0,11:51:16,13:41:46,1:50:30,0,,,,0,10:09:12,11:33:28,1:24:16,0,,,,0,,,,0,,,,0,,,,0,,,,0,,,,0,,,,0,,,,0,,,,771,,,,,,15,ISVM,ISVM,,,,,,,,,,,,,,,,,,,,,,0,0,0,,,,,,,,3:14:46,28
,14,,2046701,2046701,,,,,14,Doe_14,Stephen,1997,M,,,,,,,X,X,0,0,0,0,0,11:19:10,13:06:19,1:47:09,0,,,,0,10:41:14,12:18:11,1:36:57,0,,,,0,,,,0,,,,0,,,,0,,,,0,,,,0,,,,0,,,,0,,,,753,,,,,,15,ISVM,ISVM,,,,,,,,,,,,,,,,,,,,,,0,0,0,,,,,,,,3:24:06,29
,63,,2051293,2051293,,,,,63,Doe_63,Brennan,1998,M,,,,,,,X,X,0,0,0,0,0,10:19:07,12:15:22,1:56:15,0,,,,0,11:41:09,13:18:56,1:37:47,0,,,,0,,,,0,,,,0,,,,0,,,,0,,,,0,,,,0,,,,0,,,,751,,,,,,15,ISVM,ISVM,,,,,,,,,,,,,,,,,,,,,,0,0,0,,,,,,,,3:34:02,30
,238,,2064524,2064524,,,,,238,Doe_238,Mathew,2000,M,,,,,,,X,X,0,0,0,0,0,11:27:24,13:09:59,1:42:35,0,,,,0,9:39:14,11:34:03,1:54:49,0,,,,0,,,,0,,,,0,,,,0,,,,0,,,,0,,,,0,,,,0,,,,771,,,,,,15,ISVM,ISVM,,,,,,,,,,,,,,,,,,,,,,0,0,0,,,,,,,,3:37:24,31
,51,,2051286,2051286,,,,,51,Doe_51,Cody,1999,M,,,,,,,X,X,0,0,0,0,0,10:29:11,12:45:40,2:16:29,0,,,,0,11:31:12,12:55:22,1:24:10,0,,,,0,,,,0,,,,0,,,,0,,,,0,,,,0,,,,0,,,,0,,,,770,,,,,,15,ISVM,ISVM,,,,,,,,,,,,,,,,,,,,,,0,0,0,,,,,,,,3:40:39,32
,205,,2092182,2092182,,,,,205,Doe_205,Juan,1998,M,,,,,,,X,X,0,0,0,0,0,11:11:20,13:12:31,2:01:11,0,,,,0,10:49:11,12:29:39,1:40:28,0,,,,0,,,,0,,,,0,,,,0,,,,0,,,,0,,,,0,,,,0,,,,920,,,,,,15,ISVM,ISVM,,,,,,,,,,,,,,,,,,,,,,0,0,0,,,,,,,,3:41:39,33
,204,,2092181,2092181,,,,,204,Doe_204,Austin,1997,M,,,,,,,X,X,0,0,0,0,0,10:59:10,12:59:27,2:00:17,0,,,,0,11:01:12,12:50:30,1:49:18,0,,,,0,,,,0,,,,0,,,,0,,,,0,,,,0,,,,0,,,,0,,,,920,,,,,,15,ISVM,ISVM,,,,,,,,,,,,,,,,,,,,,,0,0,0,,,,,,,,3:49:35,34
,165,,2092331,2092331,,,,,165,Doe_165,Justin,1998,M,,,,,,,X,X,0,0,0,0,0,10:33:07,12:54:32,2:21:25,0,,,,0,11:27:08,13:00:42,1:33:34,0,,,,0,,,,0,,,,0,,,,0,,,,0,,,,0,,,,0,,,,0,,,,721,,,,,,15,ISVM,ISVM,,,,,,,,,,,,,,,,,,,,,,0,0,0,,,,,,,,3:54:59,35
,40,,2068349,2068349,,,,,40,Doe_40,Jacob,1999,M,,,,,,,X,X,0,0,0,0,0,12:25:09,15:14:51,2:49:42,0,,,,0,9:35:10,11:04:35,1:29:25,0,,,,0,,,,0,,,,0,,,,0,,,,0,,,,0,,,,0,,,,0,,,,773,,,,,,15,ISVM,ISVM,,,,,,,,,,,,,,,,,,,,,,0,0,0,,,,,,,,4:19:07,36
,180,,2068589,2068589,,,,,180,Doe_180,Matthew,2000,M,,,,,,,X,X,0,0,0,0,0,10:21:09,13:02:38,2:41:29,0,,,,0,11:39:11,13:22:50,1:43:39,0,,,,0,,,,0,,,,0,,,,0,,,,0,,,,0,,,,0,,,,0,,,,721,,,,,,15,ISVM,ISVM,,,,,,,,,,,,,,,,,,,,,,0,0,0,,,,,,,,4:25:08,37
,267,,2015740,2015740,,,,,267,Doe_267,Andrew,1999,M,,,,,,,X,X,0,0,0,0,0,10:43:09,13:19:14,2:36:05,0,,,,0,11:17:10,13:07:00,1:49:50,0,,,,0,,,,0,,,,0,,,,0,,,,0,,,,0,,,,0,,,,0,,,,708,,,,,,15,ISVM,ISVM,,,,,,,,,,,,,,,,,,,,,,0,0,0,,,,,,,,4:25:55,38
,45,,2051285,2051285,,,,,45,Doe_45,Zachery,1999,M,,,,,,,X,X,0,0,0,0,0,10:47:13,12:51:32,2:04:19,0,,,,0,11:13:11,13:34:56,2:21:45,0,,,,0,,,,0,,,,0,,,,0,,,,0,,,,0,,,,0,,,,0,,,,770,,,,,,15,ISVM,ISVM,,,,,,,,,,,,,,,,,,,,,,0,0,0,,,,,,,,4:26:04,39
,28,,2068343,2068343,,,,,28,Doe_28,Tyler,1998,M,,,,,,,X,X,0,0,0,0,0,12:37:14,15:15:27,2:38:13,0,,,,0,9:23:14,11:15:00,1:51:46,0,,,,0,,,,0,,,,0,,,,0,,,,0,,,,0,,,,0,,,,0,,,,773,,,,,,15,ISVM,ISVM,,,,,,,,,,,,,,,,,,,,,,0,0,0,,,,,,,,4:29:59,40
,237,,2064521,2064521,,,,,237,Doe_237,Noah,2000,M,,,,,,,X,X,0,0,0,0,0,11:57:14,13:33:34,1:36:20,0,,,,0,10:03:11,12:59:24,2:56:13,0,,,,0,,,,0,,,,0,,,,0,,,,0,,,,0,,,,0,,,,0,,,,771,,,,,,15,ISVM,ISVM,,,,,,,,,,,,,,,,,,,,,,0,0,0,,,,,,,,4:32:33,41
,171,,2092333,2092333,,,,,171,Doe_171,Dylan,1997,M,,,,,,,X,X,0,0,0,0,0,11:09:09,14:02:07,2:52:58,0,,,,0,10:51:10,13:33:22,2:42:12,0,,,,0,,,,0,,,,0,,,,0,,,,0,,,,0,,,,0,,,,0,,,,721,,,,,,15,ISVM,ISVM,,,,,,,,,,,,,,,,,,,,,,0,0,0,,,,,,,,5:35:10,42
,275,,348757,348757,,,,,275,Doe_275,Ryan,2000,M,,,,,,,X,X,0,0,0,0,0,10:49:12,12:58:57,2:09:45,3,,,,0,11:11:11,13:14:59,2:03:48,0,,,,0,,,,0,,,,0,,,,0,,,,0,,,,0,,,,0,,,,0,,,,708,,,,,,15,ISVM,ISVM,,,,,,,,,,,,,,,,,,,,,,0,0,0,,,,,,,,,
,266,,2015735,2015735,,,,,266,Doe_266,Dylan,1998,M,,,,,,,X,X,0,0,0,0,0,11:15:14,14:08:40,2:53:26,0,,,,0,10:45:18,12:32:37,1:47:19,2,,,,0,,,,0,,,,0,,,,0,,,,0,,,,0,,,,0,,,,0,,,,708,,,,,,15,ISVM,ISVM,,,,,,,,,,,,,,,,,,,,,,0,0,0,,,,,,,,,
,283,,2054181,2054181,,,,,283,Doe_283,Christian,1997,M,,,,,,,X,X,0,0,0,0,0,12:57:14,16:05:13,3:07:59,5,,,overtime,0,9:03:10,10:58:26,1:55:16,0,,,,0,,,,0,,,,0,,,,0,,,,0,,,,0,,,,0,,,,0,,,,924,,,,,,15,ISVM,ISVM,,,,,,,,,,,,,,,,,,,,,,X,0,0,,,,,,,,,
,285,,2054183,2054183,,,,,285,Doe_285,John,1998,M,,,,,,,X,X,0,0,0,0,0,12:45:12,,,2,,,,0,9:15:13,10:58:06,1:42:53,0,,,,0,,,,0,,,,0,,,,0,,,,0,,,,0,,,,0,,,,0,,,,924,,,,,,15,ISVM,ISVM,,,,,,,,,,,,,,,,,,,,,,X,0,0,,,,,,,,,
,232,,2064516,2064516,,,,,232,Doe_232,Matthew,1997,M,,,,,,,X,X,0,0,0,0,0,12:15:12,13:21:11,1:05:59,3,,,,0,9:45:14,10:52:49,1:07:35,0,,,,0,,,,0,,,,0,,,,0,,,,0,,,,0,,,,0,,,,0,,,,771,,,,,,15,ISVM,ISVM,,,,,,,,,,,,,,,,,,,,,,0,0,0,,,,,,,,,
,67,,2037959,2037959,,,,,67,Doe_67,Austin,1999,M,,,,,,,X,X,0,0,0,0,0,11:39:11,13:18:22,1:39:11,3,,,,0,10:21:09,12:59:23,2:38:14,0,,,,0,,,,0,,,,0,,,,0,,,,0,,,,0,,,,0,,,,0,,,,769,,,,,,15,ISVM,ISVM,,,,,,,,,,,,,,,,,,,,,,0,0,0,,,,,,,,,
,452,,2016547,2016547,,,,,452,Doe_452,Abigail,2006,F,,,,,,,X,X,0,0,0,0,0,10:30:14,11:21:50,51:36,0,,,,0,11:30:14,12:10:08,39:54,0,,,,0,,,,0,,,,0,,,,0,,,,0,,,,0,,,,0,,,,0,,,,97,,,,,,25,F10,F-10,,,,,,,,,,,,,,,,,,,,,,0,0,0,,,,,,,,1:31:30,1
,349,,2059365,2059365,,,,,349,Doe_349,Nicole,2008,F,,,,,,,X,X,0,0,0,0,0,10:00:17,10:49:38,49:21,0,,,,0,11:50:15,12:44:57,54:42,0,,,,0,,,,0,,,,0,,,,0,,,,0,,,,0,,,,0,,,,0,,,,77,,,,,,25,F10,F-10,,,,,,,,,,,,,,,,,,,,,,0,0,0,,,,,,,,1:44:03,2
,6,,2068523,2068523,,,,,6,Doe_6,Echevarria Davis,2000,M,,,,,,,X,X,0,0,0,0,0,12:31:12,12:54:35,23:23,0,,,,0,9:30:11,10:03:05,32:54,0,,,,0,,,,0,,,,0,,,,0,,,,0,,,,0,,,,0,,,,0,,,,753,,,,,,35,GrpWhite,Grp-White,,,,,,,,,,,,,,,,,,,,,,0,0,0,,,,,,,,56:17,1
,258,,2092159,2092159,,,,,258,Doe_258,Riley,2002,F,,,,,,,X,X,0,0,0,0,0,10:09:13,10:57:17,48:04,0,,,,0,11:51:12,13:24:14,1:33:02,0,,,,0,,,,0,,,,0,,,,0,,,,0,,,,0,,,,0,,,,0,,,,923,,,,,,37,F14,F-14,,,,,,,,,,,,,,,,,,,,,,0,0,0,,,,,,,,2:21:06,1
,253,,2020696,2020696,,,,,253,Doe_253,Priscilla,2004,F,,,,,,,X,X,0,0,0,0,0,10:03:06,10:57:17,54:11,3,,,,0,11:57:07,13:24:21,1:27:14,0,,,,0,,,,0,,,,0,,,,0,,,,0,,,,0,,,,0,,,,0,,,,923,,,,,,37,F14,F-14,,,,,,,,,,,,,,,,,,,,,,0,0,0,,,,,,,,,
,256,,2020692,2020692,,,,,256,Doe_256,Eric,2002,M,,,,,,,X,X,0,0,0,0,0,12:17:09,12:53:54,36:45,0,,,,0,9:43:10,10:25:26,42:16,0,,,,0,,,,0,,,,0,,,,0,,,,0,,,,0,,,,0,,,,0,,,,923,,,,,,39,M14,M-14,,,,,,,,,,,,,,,,,,,,,,0,0,0,,,,,,,,1:19:01,1
,252,,2092156,2092156,,,,,252,Doe_252,Jordan,2002,M,,,,,,,X,X,0,0,0,0,0,10:15:09,10:46:22,31:13,0,,,,0,11:45:11,12:34:04,48:53,0,,,,0,,,,0,,,,0,,,,0,,,,0,,,,0,,,,0,,,,0,,,,923,,,,,,39,M14,M-14,,,,,,,,,,,,,,,,,,,,,,0,0,0,,,,,,,,1:20:06,2
,254,,2092160,2092160,,,,,254,Doe_254,Mahlon,2002,M,,,,,,,X,X,0,0,0,0,0,10:23:15,10:56:19,33:04,0,,,,0,11:37:14,12:29:15,52:01,0,,,,0,,,,0,,,,0,,,,0,,,,0,,,,0,,,,0,,,,0,,,,923,,,,,,39,M14,M-14,,,,,,,,,,,,,,,,,,,,,,0,0,0,,,,,,,,1:25:05,3
,454,,2016546,2016546,,,,,454,Doe_454,Jonathan,2003,M,,,,,,,X,X,0,0,0,0,0,11:55:10,12:37:31,42:21,0,,,,0,10:05:12,10:54:40,49:28,0,,,,0,,,,0,,,,0,,,,0,,,,0,,,,0,,,,0,,,,0,,,,97,,,,,,39,M14,M-14,,,,,,,,,,,,,,,,,,,,,,0,0,0,,,,,,,,1:31:49,4
,32,,2068285,2068285,,,,,32,Doe_32,Breanna,1999,F,,,,,,,X,X,0,0,0,0,0,12:15:11,12:53:41,38:30,0,,,,0,9:45:10,10:27:08,41:58,0,,,,0,,,,0,,,,0,,,,0,,,,0,,,,0,,,,0,,,,0,,,,773,,,,,,41,FYellow,F-Yellow,,,,,,,,,,,,,,,,,,,,,,0,0,0,,,,,,,,1:20:28,1
,1,,2068520,2068520,,,,,1,Doe_1,Samanta,2000,F,,,,,,,X,X,0,0,0,0,0,10:17:10,11:20:24,1:03:14,0,,,,0,11:43:14,12:56:41,1:13:27,0,,,,0,,,,0,,,,0,,,,0,,,,0,,,,0,,,,0,,,,0,,,,753,,,,,,41,FYellow,F-Yellow,,,,,,,,,,,,,,,,,,,,,,0,0,0,,,,,,,,2:16:41,2
,250,,2092165,2092165,,,,,250,Doe_250,Susan,1970,F,,,,,,,X,X,0,0,0,0,0,10:43:17,12:12:55,1:29:38,0,,,,0,11:17:15,12:24:27,1:07:12,0,,,,0,,,,0,,,,0,,,,0,,,,0,,,,0,,,,0,,,,0,,,,923,,,,,,41,FYellow,F-Yellow,,,,,,,,,,,,,,,,,,,,,,0,0,0,,,,,,,,2:36:50,3
,99,,2064513,2064513,,,,,99,Doe_99,Caitlyn,2000,F,,,,,,,X,X,0,0,0,0,0,11:45:17,12:53:33,1:08:16,0,,,,0,10:15:10,12:01:32,1:46:22,0,,,,0,,,,0,,,,0,,,,0,,,,0,,,,0,,,,0,,,,0,,,,728,,,,,,41,FYellow,F-Yellow,,,,,,,,,,,,,,,,,,,,,,0,0,0,,,,,,,,2:54:38,4
,456,,2059347,2059347,,,,,456,Doe_456,Florence,1964,F,,,,,,,X,X,0,0,0,0,0,12:11:13,13:41:56,1:30:43,0,,,,0,9:21:07,11:01:53,1:40:46,0,,,,0,,,,0,,,,0,,,,0,,,,0,,,,0,,,,0,,,,0,,,,77,,,,,,41,FYellow,F-Yellow,,,,,,,,,,,,,,,,,,,,,,0,0,0,,,,,,,,3:11:29,5
,148,,2064798,2064798,,,,,148,Doe_148,Hannah,2000,F,,,,,,,X,X,0,0,0,0,0,12:21:10,13:52:11,1:31:01,0,,,,0,9:39:15,11:21:33,1:42:18,0,,,,0,,,,0,,,,0,,,,0,,,,0,,,,0,,,,0,,,,0,,,,792,,,,,,41,FYellow,F-Yellow,,,,,,,,,,,,,,,,,,,,,,0,0,0,,,,,,,,3:13:19,6
,416,,2013533,2013533,,,,,416,Doe_416,Patricia,1946,F,,,,,,,X,X,0,0,0,0,0,11:17:09,13:05:50,1:48:41,3,,,,0,10:43:28,13:03:37,2:20:09,0,,,,0,,,,0,,,,0,,,,0,,,,0,,,,0,,,,0,,,,0,,,,9,,,,,,41,FYellow,F-Yellow,,,,,,,,,,,,,,,,,,,,,,0,0,0,,,,,,,,,
,149,,2064796,2064796,,,,,149,Doe_149,Olivia,2001,F,,,,,,,X,X,0,0,0,0,0,12:55:11,14:23:49,1:28:38,3,,,,0,9:05:10,10:42:19,1:37:09,3,,,,0,,,,0,,,,0,,,,0,,,,0,,,,0,,,,0,,,,0,,,,792,,,,,,41,FYellow,F-Yellow,,,,,,,,,,,,,,,,,,,,,,0,0,0,,,,,,,,,
,12,,2068515,2068515,,,,,12,Doe_12,Alison,1999,F,,,,,,,X,X,0,0,0,0,0,11:05:06,12:09:41,1:04:35,0,,,,0,10:55:08,12:38:05,1:42:57,3,,,,0,,,,0,,,,0,,,,0,,,,0,,,,0,,,,0,,,,0,,,,753,,,,,,41,FYellow,F-Yellow,,,,,,,,,,,,,,,,,,,,,,0,0,0,,,,,,,,,
,179,,,420300,,,,,179,Doe_179,Javon,2001,F,,,,,,,0,X,0,0,0,0,0,10:13:00,,,0,,,,0,11:47:13,13:00:59,1:13:46,0,,,,0,,,,0,,,,0,,,,0,,,,0,,,,0,,,,0,,,,0,,,,721,,,,,,41,FYellow,F-Yellow,,,,,,,,,,,,,,,,,,,,,,0,0,0,,,,,,,,,
,38,,2068300,2068300,,,,,38,Doe_38,Kelvin,1999,M,,,,,,,X,X,0,0,0,0,0,12:09:10,12:45:47,36:37,0,,,,0,9:51:11,10:26:46,35:35,0,,,,0,,,,0,,,,0,,,,0,,,,0,,,,0,,,,0,,,,0,,,,773,,,,,,43,MYellow,M-Yellow,,,,,,,,,,,,,,,,,,,,,,0,0,0,,,,,,,,1:12:12,1
,93,,420890,420890,,,,,93,Doe_93,Zach,2001,M,,,,,,,X,X,0,0,0,0,0,12:47:10,13:27:52,40:42,0,,,,0,9:13:11,10:01:42,48:31,0,,,,0,,,,0,,,,0,,,,0,,,,0,,,,0,,,,0,,,,0,,,,805,,,,,,43,MYellow,M-Yellow,,,,,,,,,,,,,,,,,,,,,,0,0,0,,,,,,,,1:29:13,2
,11,,2068516,2068516,,,,,11,Doe_11,Joshua,1998,M,,,,,,,X,X,0,0,0,0,0,10:51:09,11:30:06,38:57,0,,,,0,11:09:12,12:04:16,55:04,0,,,,0,,,,0,,,,0,,,,0,,,,0,,,,0,,,,0,,,,0,,,,753,,,,,,43,MYellow,M-Yellow,,,,,,,,,,,,,,,,,,,,,,0,0,0,,,,,,,,1:34:01,3
,128,,2064512,2064512,,,,,128,Doe_128,Timothy,2001,M,,,,,,,X,X,0,0,0,0,0,11:31:15,12:16:14,44:59,0,,,,0,10:29:15,11:18:33,49:18,0,,,,0,,,,0,,,,0,,,,0,,,,0,,,,0,,,,0,,,,0,,,,728,,,,,,43,MYellow,M-Yellow,,,,,,,,,,,,,,,,,,,,,,0,0,0,,,,,,,,1:34:17,4
,144,,2033266,2033266,,,,,144,Doe_144,Chase,2000,M,,,,,,,X,X,0,0,0,0,0,12:43:13,13:20:12,36:59,0,,,,0,9:17:11,10:22:19,1:05:08,0,,,,0,,,,0,,,,0,,,,0,,,,0,,,,0,,,,0,,,,0,,,,792,,,,,,43,MYellow,M-Yellow,,,,,,,,,,,,,,,,,,,,,,0,0,0,,,,,,,,1:42:07,5
,82,,420889,420889,,,,,82,Doe_82,Ryan,2001,M,,,,,,,X,X,0,0,0,0,0,12:53:14,13:44:12,50:58,0,,,,0,9:07:13,10:03:40,56:27,0,,,,0,,,,0,,,,0,,,,0,,,,0,,,,0,,,,0,,,,0,,,,805,,,,,,43,MYellow,M-Yellow,,,,,,,,,,,,,,,,,,,,,,0,0,0,,,,,,,,1:47:25,6
,111,,2064511,2064511,,,,,111,Doe_111,Austin,2001,M,,,,,,,X,X,0,0,0,0,0,12:37:10,13:28:58,51:48,0,,,,0,9:23:12,10:26:45,1:03:33,0,,,,0,,,,0,,,,0,,,,0,,,,0,,,,0,,,,0,,,,0,,,,728,,,,,,43,MYellow,M-Yellow,,,,,,,,,,,,,,,,,,,,,,0,0,0,,,,,,,,1:55:21,7
,139,,2033267,2033267,,,,,139,Doe_139,Kade,2000,M,,,,,,,X,X,0,0,0,0,0,11:41:14,12:56:54,1:15:40,0,,,,0,10:19:14,11:08:08,48:54,0,,,,0,,,,0,,,,0,,,,0,,,,0,,,,0,,,,0,,,,0,,,,792,,,,,,43,MYellow,M-Yellow,,,,,,,,,,,,,,,,,,,,,,0,0,0,,,,,,,,2:04:34,8
,2,,2068519,2068519,,,,,2,Doe_2,David,1999,M,,,,,,,X,X,0,0,0,0,0,10:59:12,12:09:25,1:10:13,0,,,,0,11:01:10,12:04:21,1:03:11,0,,,,0,,,,0,,,,0,,,,0,,,,0,,,,0,,,,0,,,,0,,,,753,,,,,,43,MYellow,M-Yellow,,,,,,,,,,,,,,,,,,,,,,0,0,0,,,,,,,,2:13:24,9
,270,,2037956,2037956,,,,,270,Doe_270,Allen,2000,M,,,,,,,X,X,0,0,0,0,0,10:41:17,11:58:30,1:17:13,0,,,,0,11:19:13,12:23:26,1:04:13,0,,,,0,,,,0,,,,0,,,,0,,,,0,,,,0,,,,0,,,,0,,,,708,,,,,,43,MYellow,M-Yellow,,,,,,,,,,,,,,,,,,,,,,0,0,0,,,,,,,,2:21:26,10
,269,,2037957,2037957,,,,,269,Doe_269,Jackson,2001,M,,,,,,,X,X,0,0,0,0,0,10:47:14,11:47:16,1:00:02,0,,,,0,11:13:13,12:42:21,1:29:08,0,,,,0,,,,0,,,,0,,,,0,,,,0,,,,0,,,,0,,,,0,,,,708,,,,,,43,MYellow,M-Yellow,,,,,,,,,,,,,,,,,,,,,,0,0,0,,,,,,,,2:29:10,11
,7,,2068518,2068518,,,,,7,Doe_7,Daniel,2000,M,,,,,,,X,X,0,0,0,0,0,10:37:09,11:48:29,1:11:20,0,,,,0,11:23:10,12:57:56,1:34:46,0,,,,0,,,,0,,,,0,,,,0,,,,0,,,,0,,,,0,,,,0,,,,753,,,,,,43,MYellow,M-Yellow,,,,,,,,,,,,,,,,,,,,,,0,0,0,,,,,,,,2:46:06,12
,13,,2068514,2068514,,,,,13,Doe_13,Cameron,1999,M,,,,,,,X,X,0,0,0,0,0,10:45:31,11:28:35,43:04,0,,,,0,11:15:13,13:35:47,2:20:34,0,,,,0,,,,0,,,,0,,,,0,,,,0,,,,0,,,,0,,,,0,,,,753,,,,,,43,MYellow,M-Yellow,,,,,,,,,,,,,,,,,,,,,,0,0,0,,,,,,,,3:03:38,13
,31,,2068322,2068322,,,,,31,Doe_31,Keith,1998,M,,,,,,,X,X,0,0,0,0,0,12:49:11,14:47:23,1:58:12,0,,,,0,9:11:11,11:45:00,2:33:49,0,,,,0,,,,0,,,,0,,,,0,,,,0,,,,0,,,,0,,,,0,,,,773,,,,,,43,MYellow,M-Yellow,,,,,,,,,,,,,,,,,,,,,,0,0,0,,,,,,,,4:32:01,14
,3,,2068521,2068521,,,,,3,Doe_3,Jarrett,1999,M,,,,,,,X,X,0,0,0,0,0,10:25:10,11:13:19,48:09,3,,,,0,11:35:07,12:56:39,1:21:32,0,,,,0,,,,0,,,,0,,,,0,,,,0,,,,0,,,,0,,,,0,,,,753,,,,,,43,MYellow,M-Yellow,,,,,,,,,,,,,,,,,,,,,,0,0,0,,,,,,,,,
,39,,2068311,2068311,,,,,39,Doe_39,Michael,1999,M,,,,,,,X,X,0,0,0,0,0,12:23:09,13:46:57,1:23:48,3,,,,0,9:37:10,10:27:00,49:50,0,,,,0,,,,0,,,,0,,,,0,,,,0,,,,0,,,,0,,,,0,,,,773,,,,,,43,MYellow,M-Yellow,,,,,,,,,,,,,,,,,,,,,,0,0,0,,,,,,,,,
,137,,,2033268,,,,,137,Doe_137,Mason,2000,M,,,,,,,0,X,0,0,0,0,0,12:33:00,,,0,,,,0,9:27:12,10:28:34,1:01:22,0,,,,0,,,,0,,,,0,,,,0,,,,0,,,,0,,,,0,,,,0,,,,792,,,,,,43,MYellow,M-Yellow,,,,,,,,,,,,,,,,,,,,,,0,0,0,,,,,,,,,
,27,,2068340,2068340,,,,,27,Doe_27,Chambers Shreibe,1998,M,,,,,,,X,X,0,0,0,0,0,12:35:10,13:34:02,58:52,0,,,,0,9:25:10,10:27:07,1:01:57,0,,,,0,,,,0,,,,0,,,,0,,,,0,,,,0,,,,0,,,,0,,,,773,,,,,,45,GrpYellow,Grp-Yellow,,,,,,,,,,,,,,,,,,,,,,0,0,0,,,,,,,,2:00:49,1
,348,,2033378,2033378,,,,,348,Doe_348,Diana,2001,F,,,,,,,X,X,0,0,0,0,0,11:11:11,12:10:37,59:26,0,,,,0,10:49:11,11:53:55,1:04:44,0,,,,0,,,,0,,,,0,,,,0,,,,0,,,,0,,,,0,,,,0,,,,77,,,,,,47,F16,F-16,,,,,,,,,,,,,,,,,,,,,,0,0,0,,,,,,,,2:04:10,1
,106,,2092339,2092339,,,,,106,Doe_106,Brea'nyia,2000,F,,,,,,,X,X,0,0,0,0,0,11:17:03,12:22:45,1:05:42,0,,,,0,10:43:16,12:00:28,1:17:12,0,,,,0,,,,0,,,,0,,,,0,,,,0,,,,0,,,,0,,,,0,,,,728,,,,,,47,F16,F-16,,,,,,,,,,,,,,,,,,,,,,0,0,0,,,,,,,,2:22:54,2
,100,,2064510,2064510,,,,,100,Doe_100,Brianna,2000,F,,,,,,,X,X,0,0,0,0,0,10:43:14,13:00:24,2:17:10,0,,,,0,11:17:12,13:11:52,1:54:40,0,,,,0,,,,0,,,,0,,,,0,,,,0,,,,0,,,,0,,,,0,,,,728,,,,,,47,F16,F-16,,,,,,,,,,,,,,,,,,,,,,0,0,0,,,,,,,,4:11:50,3
,133,,2033285,2033285,,,,,133,Doe_133,Breaisa,2001,F,,,,,,,X,X,0,0,0,0,0,11:37:15,13:21:39,1:44:24,0,,,,0,10:23:11,13:27:32,3:04:21,0,,,,0,,,,0,,,,0,,,,0,,,,0,,,,0,,,,0,,,,0,,,,728,,,,,,47,F16,F-16,,,,,,,,,,,,,,,,,,,,,,0,0,0,,,,,,,,4:48:45,4
,120,,2092343,2092343,,,,,120,Doe_120,Makalah,2000,F,,,,,,,X,X,0,0,0,0,0,11:01:13,12:38:29,1:37:16,0,,,,0,10:59:10,13:27:35,2:28:25,3,,,,0,,,,0,,,,0,,,,0,,,,0,,,,0,,,,0,,,,0,,,,728,,,,,,47,F16,F-16,,,,,,,,,,,,,,,,,,,,,,0,0,0,,,,,,,,,
,110,,2064508,2064508,,,,,110,Doe_110,Kyle,2000,M,,,,,,,X,X,0,0,0,0,0,11:09:10,11:54:18,45:08,0,,,,0,10:51:10,11:44:20,53:10,0,,,,0,,,,0,,,,0,,,,0,,,,0,,,,0,,,,0,,,,0,,,,728,,,,,,49,M16,M-16,,,,,,,,,,,,,,,,,,,,,,0,0,0,,,,,,,,1:38:18,1
,118,,2064504,2064504,,,,,118,Doe_118,Tyree,2000,M,,,,,,,X,X,0,0,0,0,0,12:05:13,12:52:21,47:08,0,,,,0,9:55:15,10:49:43,54:28,0,,,,0,,,,0,,,,0,,,,0,,,,0,,,,0,,,,0,,,,0,,,,728,,,,,,49,M16,M-16,,,,,,,,,,,,,,,,,,,,,,0,0,0,,,,,,,,1:41:36,2
,109,,2033282,2033282,,,,,109,Doe_109,Phillip,2001,M,,,,,,,X,X,0,0,0,0,0,12:11:10,13:21:25,1:10:15,0,,,,0,9:49:10,10:55:16,1:06:06,0,,,,0,,,,0,,,,0,,,,0,,,,0,,,,0,,,,0,,,,0,,,,728,,,,,,49,M16,M-16,,,,,,,,,,,,,,,,,,,,,,0,0,0,,,,,,,,2:16:21,3
,117,,2054167,2054167,,,,,117,Doe_117,Antwan,2000,M,,,,,,,X,X,0,0,0,0,0,10:53:18,12:10:05,1:16:47,0,,,,0,11:07:16,12:13:31,1:06:15,0,,,,0,,,,0,,,,0,,,,0,,,,0,,,,0,,,,0,,,,0,,,,728,,,,,,49,M16,M-16,,,,,,,,,,,,,,,,,,,,,,X,0,0,,,,,,,,2:23:02,4
,455,,2016541,2016541,,,,,455,Doe_455,Joshua,2001,M,,,,,,,X,X,0,0,0,0,0,10:45:12,11:51:14,1:06:02,0,,,,0,11:15:11,12:38:59,1:23:48,0,,,,0,,,,0,,,,0,,,,0,,,,0,,,,0,,,,0,,,,0,,,,97,,,,,,49,M16,M-16,,,,,,,,,,,,,,,,,,,,,,0,0,0,,,,,,,,2:29:50,5
,248,,2020693,2020693,,,,,248,Doe_248,Luke,2002,M,,,,,,,X,X,0,0,0,0,0,10:37:10,11:52:37,1:15:27,0,,,,0,11:23:11,12:39:02,1:15:51,0,,,,0,,,,0,,,,0,,,,0,,,,0,,,,0,,,,0,,,,0,,,,923,,,,,,49,M16,M-16,,,,,,,,,,,,,,,,,,,,,,0,0,0,,,,,,,,2:31:18,6
,83,,420887,420887,,,,,83,Doe_83,Andrew,2000,M,,,,,,,X,X,0,0,0,0,0,12:23:10,13:32:34,1:09:24,0,,,,0,9:37:12,11:09:33,1:32:21,0,,,,0,,,,0,,,,0,,,,0,,,,0,,,,0,,,,0,,,,0,,,,805,,,,,,49,M16,M-16,,,,,,,,,,,,,,,,,,,,,,0,0,0,,,,,,,,2:41:45,7
,251,,2092158,2092158,,,,,251,Doe_251,Nate,2001,M,,,,,,,X,X,0,0,0,0,0,11:47:07,13:25:54,1:38:47,0,,,,0,10:13:36,11:44:39,1:31:03,0,,,,0,,,,0,,,,0,,,,0,,,,0,,,,0,,,,0,,,,0,,,,923,,,,,,49,M16,M-16,,,,,,,,,,,,,,,,,,,,,,0,0,0,,,,,,,,3:09:50,8
,105,,2054164,2054164,,,,,105,Doe_105,Stuart,2000,M,,,,,,,X,X,0,0,0,0,0,11:57:12,13:54:26,1:57:14,3,,,,0,10:03:12,11:21:09,1:17:57,0,,,,0,,,,0,,,,0,,,,0,,,,0,,,,0,,,,0,,,,0,,,,728,,,,,,49,M16,M-16,,,,,,,,,,,,,,,,,,,,,,X,0,0,,,,,,,,,
,264,,348758,348758,,,,,264,Doe_264,Mathew,2000,M,,,,,,,X,X,0,0,0,0,0,12:01:12,13:29:49,1:28:37,3,,,,0,9:59:10,11:41:12,1:42:02,0,,,,0,,,,0,,,,0,,,,0,,,,0,,,,0,,,,0,,,,0,,,,708,,,,,,49,M16,M-16,,,,,,,,,,,,,,,,,,,,,,0,0,0,,,,,,,,,
,91,,2068578,2068578,,,,,91,Doe_91,David,2001,M,,,,,,,X,X,0,0,0,0,0,12:13:10,13:18:03,1:04:53,3,,,,0,9:47:10,11:03:07,1:15:57,0,,,,0,,,,0,,,,0,,,,0,,,,0,,,,0,,,,0,,,,0,,,,805,,,,,,49,M16,M-16,,,,,,,,,,,,,,,,,,,,,,0,0,0,,,,,,,,,
,405,,1777789,1777789,,,,,405,Doe_405,Sara,1982,F,,,,,,,X,X,0,0,0,0,0,11:31:10,12:56:47,1:25:37,0,,,,0,10:29:23,11:52:15,1:22:52,0,,,,0,,,,0,,,,0,,,,0,,,,0,,,,0,,,,0,,,,0,,,,77,,,,,,51,FOrange,F-Orange,,,,,,,,,,,,,,,,,,,,,,0,0,0,,,,,,,,2:48:29,1
,225,,2064894,2064894,,,,,225,Doe_225,Aiyania,1999,F,,,,,,,X,X,0,0,0,0,0,11:39:13,13:08:28,1:29:15,2,,,,0,10:21:12,13:07:01,2:45:49,2,,,,0,,,,0,,,,0,,,,0,,,,0,,,,0,,,,0,,,,0,,,,703,,,,,,51,FOrange,F-Orange,,,,,,,,,,,,,,,,,,,,,,0,0,0,,,,,,,,,
,357,,2013625,2013625,,,,,357,Doe_357,McKenzie,1994,F,,,,,,,X,X,0,0,0,0,0,12:15:09,13:46:50,1:31:41,3,,,,0,9:41:12,11:20:24,1:39:12,0,,,,0,,,,0,,,,0,,,,0,,,,0,,,,0,,,,0,,,,0,,,,93,,,,,,51,FOrange,F-Orange,,,,,,,,,,,,,,,,,,,,,,0,0,0,,,,,,,,,
,94,,2033279,2033279,,,,,94,Doe_94,Reginald,1998,M,,,,,,,X,X,0,0,0,0,0,11:25:12,12:24:11,58:59,0,,,,0,10:35:17,11:36:34,1:01:17,0,,,,0,,,,0,,,,0,,,,0,,,,0,,,,0,,,,0,,,,0,,,,728,,,,,,53,MOrange,M-Orange,,,,,,,,,,,,,,,,,,,,,,0,0,0,,,,,,,,2:00:16,1
,114,,2054166,2054166,,,,,114,Doe_114,Stephen,1999,M,,,,,,,X,X,0,0,0,0,0,12:39:13,13:41:08,1:01:55,0,,,,0,9:21:12,10:30:41,1:09:29,0,,,,0,,,,0,,,,0,,,,0,,,,0,,,,0,,,,0,,,,0,,,,728,,,,,,53,MOrange,M-Orange,,,,,,,,,,,,,,,,,,,,,,X,0,0,,,,,,,,2:11:24,2
,18,,2046715,2046715,,,,,18,Doe_18,Griffin,1999,M,,,,,,,X,X,0,0,0,0,0,11:15:09,12:09:27,54:18,0,,,,0,10:45:12,12:07:36,1:22:24,0,,,,0,,,,0,,,,0,,,,0,,,,0,,,,0,,,,0,,,,0,,,,753,,,,,,53,MOrange,M-Orange,,,,,,,,,,,,,,,,,,,,,,0,0,0,,,,,,,,2:16:42,3
,22,,2046709,2046709,,,,,22,Doe_22,Richard,1998,M,,,,,,,X,X,0,0,0,0,0,11:53:09,12:58:29,1:05:20,0,,,,0,10:07:10,11:20:23,1:13:13,0,,,,0,,,,0,,,,0,,,,0,,,,0,,,,0,,,,0,,,,0,,,,753,,,,,,53,MOrange,M-Orange,,,,,,,,,,,,,,,,,,,,,,0,0,0,,,,,,,,2:18:33,4
,115,,2064507,2064507,,,,,115,Doe_115,Elijah,1998,M,,,,,,,X,X,0,0,0,0,0,12:33:07,13:54:07,1:21:00,0,,,,0,9:27:13,10:30:08,1:02:55,0,,,,0,,,,0,,,,0,,,,0,,,,0,,,,0,,,,0,,,,0,,,,728,,,,,,53,MOrange,M-Orange,,,,,,,,,,,,,,,,,,,,,,0,0,0,,,,,,,,2:23:55,5
,326,,2013596,2013596,,,,,326,Doe_326,Andrew,1995,M,,,,,,,X,X,0,0,0,0,0,10:55:13,12:09:34,1:14:21,0,,,,0,10:25:14,11:41:00,1:15:46,0,,,,0,,,,0,,,,0,,,,0,,,,0,,,,0,,,,0,,,,0,,,,93,,,,,,53,MOrange,M-Orange,,,,,,,,,,,,,,,,,,,,,,0,0,0,,,,,,,,2:30:07,6
,87,,420888,420888,,,,,87,Doe_87,Ikdoo,1998,M,,,,,,,X,X,0,0,0,0,0,12:55:10,13:59:57,1:04:47,0,,,,0,9:05:13,10:31:49,1:26:36,0,,,,0,,,,0,,,,0,,,,0,,,,0,,,,0,,,,0,,,,0,,,,805,,,,,,53,MOrange,M-Orange,,,,,,,,,,,,,,,,,,,,,,0,0,0,,,,,,,,2:31:23,7
,337,,1601470,1601470,,,,,337,Doe_337,Caleb,1996,M,,,,,,,X,X,0,0,0,0,0,12:45:10,14:25:03,1:39:53,0,,,,0,9:15:10,10:22:38,1:07:28,0,,,,0,,,,0,,,,0,,,,0,,,,0,,,,0,,,,0,,,,0,,,,93,,,,,,53,MOrange,M-Orange,,,,,,,,,,,,,,,,,,,,,,0,0,0,,,,,,,,2:47:21,8
,86,,420881,420881,,,,,86,Doe_86,Dameon,1998,M,,,,,,,X,X,0,0,0,0,0,12:31:48,13:52:31,1:20:43,0,,,,0,9:29:10,11:21:30,1:52:20,0,,,,0,,,,0,,,,0,,,,0,,,,0,,,,0,,,,0,,,,0,,,,805,,,,,,53,MOrange,M-Orange,,,,,,,,,,,,,,,,,,,,,,0,0,0,,,,,,,,3:13:03,9
,108,,2054165,2054165,,,,,108,Doe_108,Dominque,1998,F,,,,,,,X,X,0,0,0,0,0,11:45:14,13:36:30,1:51:16,0,,,,0,10:15:12,13:28:10,3:12:58,0,,,,0,,,,0,,,,0,,,,0,,,,0,,,,0,,,,0,,,,0,,,,728,,,,,,53,MOrange,M-Orange,,,,,,,,,,,,,,,,,,,,,,X,0,0,,,,,,,,5:04:14,10
,279,,2037954,2037954,,,,,279,Doe_279,Brady,1998,M,,,,,,,X,X,0,0,0,0,0,12:51:16,15:13:17,2:22:01,0,,,,0,9:09:16,10:56:41,1:47:25,2,,,,0,,,,0,,,,0,,,,0,,,,0,,,,0,,,,0,,,,0,,,,708,,,,,,53,MOrange,M-Orange,,,,,,,,,,,,,,,,,,,,,,0,0,0,,,,,,,,,
,23,,2068522,2068522,,,,,23,Doe_23,Ethan,1999,M,,,,,,,X,X,0,0,0,0,0,12:59:14,13:59:17,1:00:03,0,,,,0,9:01:10,10:24:15,1:23:05,3,,,,0,,,,0,,,,0,,,,0,,,,0,,,,0,,,,0,,,,0,,,,753,,,,,,53,MOrange,M-Orange,,,,,,,,,,,,,,,,,,,,,,0,0,0,,,,,,,,,
,261,,341721,341721,,,,,261,Doe_261,Zach,1998,M,,,,,,,X,X,0,0,0,0,0,12:25:13,15:04:08,2:38:55,0,,,,0,9:35:00,,,2,,,lost chip,0,,,,0,,,,0,,,,0,,,,0,,,,0,,,,0,,,,0,,,,708,,,,,,53,MOrange,M-Orange,,,,,,,,,,,,,,,,,,,,,,0,0,0,,,,,,,,,
,88,,420883,420883,,,,,88,Doe_88,Dong Hun,1997,M,,,,,,,X,X,0,0,0,0,0,12:47:12,14:06:41,1:19:29,3,,,,0,9:13:10,10:31:54,1:18:44,0,,,,0,,,,0,,,,0,,,,0,,,,0,,,,0,,,,0,,,,0,,,,805,,,,,,53,MOrange,M-Orange,,,,,,,,,,,,,,,,,,,,,,0,0,0,,,,,,,,,
,85,,348674,348674,,,,,85,Doe_85,Geon Woo,1997,M,,,,,,,X,X,0,0,0,0,0,12:37:16,14:02:05,1:24:49,3,,,,0,9:23:15,11:04:48,1:41:33,2,,,,0,,,,0,,,,0,,,,0,,,,0,,,,0,,,,0,,,,0,,,,805,,,,,,53,MOrange,M-Orange,,,,,,,,,,,,,,,,,,,,,,0,0,0,,,,,,,,,
,107,,2064514,2064514,,,,,107,Doe_107,Jawan,1999,M,,,,,,,X,X,0,0,0,0,0,12:27:09,13:54:19,1:27:10,3,,,,0,9:33:08,10:46:52,1:13:44,0,,,,0,,,,0,,,,0,,,,0,,,,0,,,,0,,,,0,,,,0,,,,728,,,,,,53,MOrange,M-Orange,,,,,,,,,,,,,,,,,,,,,,0,0,0,,,,,,,,,
,154,,,2092348,,,,,154,Doe_154,Caleb,1998,M,,,,,,,0,X,0,0,0,0,0,12:43:00,,,0,,,,0,9:17:18,10:42:14,1:24:56,0,,,,0,,,,0,,,,0,,,,0,,,,0,,,,0,,,,0,,,,0,,,,792,,,,,,53,MOrange,M-Orange,,,,,,,,,,,,,,,,,,,,,,0,0,0,,,,,,,,,
,116,,2092342,2092342,,,,,116,Doe_116,Brianna,1999,F,,,,,,,X,X,0,0,0,0,0,10:48:15,12:14:55,1:26:40,0,,,,0,11:12:11,12:53:35,1:41:24,0,,,,0,,,,0,,,,0,,,,0,,,,0,,,,0,,,,0,,,,0,,,,728,,,,,,57,F18,F-18,,,,,,,,,,,,,,,,,,,,,,0,0,0,,,,,,,,3:08:04,1
,435,,434880,434880,,,,,435,Doe_435,Shelagh,1961,F,,,,,,,X,X,0,0,0,0,0,11:52:10,13:06:39,1:14:29,0,,,,0,10:08:12,11:28:36,1:20:24,0,,,,0,,,,0,,,,0,,,,0,,,,0,,,,0,,,,0,,,,0,,,,117,,,,,,59,F55,F55+,,,,,,,,,,,,,,,,,,,,,,0,0,0,,,,,,,,2:34:53,1
,379,,887700,887700,,,,,379,Doe_379,Sandy,1954,F,,,,,,,X,X,0,0,0,0,0,12:52:12,13:57:35,1:05:23,0,,,,0,10:02:12,11:08:44,1:06:32,0,,,,0,,,,0,,,,0,,,,0,,,,0,,,,0,,,,0,,,,0,,,,23,,,,,,61,F60,F60+,,,,,,,,,,,,,,,,,,,,,,0,0,0,,,,,,,,2:11:55,1
,434,,866021,866021,,,,,434,Doe_434,Shelley,1956,F,,,,,,,X,X,0,0,0,0,0,10:44:07,11:57:10,1:13:03,0,,,,0,11:16:09,12:28:35,1:12:26,0,,,,0,,,,0,,,,0,,,,0,,,,0,,,,0,,,,0,,,,0,,,,67,,,,,,61,F60,F60+,,,,,,,,,,,,,,,,,,,,,,0,0,0,,,,,,,,2:25:29,2
,460,,46608,46608,,,,,460,Doe_460,Janet,1953,F,,,,,,,X,X,0,0,0,0,0,10:12:13,11:25:46,1:13:33,0,,,,0,11:48:11,13:07:36,1:19:25,0,,,,0,,,,0,,,,0,,,,0,,,,0,,,,0,,,,0,,,,0,,,,24,,,,,,61,F60,F60+,,,,,,,,,,,,,,,,,,,,,,0,0,0,,,,,,,,2:32:58,3
,410,,337933,337933,,,,,410,Doe_410,Anne,1953,F,,,,,,,X,X,0,0,0,0,0,12:00:45,14:46:27,2:45:42,0,,,,0,10:00:08,12:47:28,2:47:20,0,,,,0,,,,0,,,,0,,,,0,,,,0,,,,0,,,,0,,,,0,,,,97,,,,,,61,F60,F60+,,,,,,,,,,,,,,,,,,,,,,0,0,0,,,,,,,,5:33:02,4
,465,,339653,339653,,,,,465,Doe_465,Roddy,1947,F,,,,,,,X,X,0,0,0,0,0,12:24:11,13:32:17,1:08:06,0,,,,0,9:36:07,11:05:46,1:29:39,0,,,,0,,,,0,,,,0,,,,0,,,,0,,,,0,,,,0,,,,0,,,,87,,,,,,63,F65,F65+,,,,,,,,,,,,,,,,,,,,,,0,0,0,,,,,,,,2:37:45,1
,444,,887703,887703,,,,,444,Doe_444,Reta,1943,F,,,,,,,X,X,0,0,0,0,0,12:36:10,14:19:29,1:43:19,0,,,,0,9:24:13,11:31:33,2:07:20,0,,,,0,,,,0,,,,0,,,,0,,,,0,,,,0,,,,0,,,,0,,,,76,,,,,,65,F70,F70+,,,,,,,,,,,,,,,,,,,,,,0,0,0,,,,,,,,3:50:39,1
,375,,255411,255411,,,,,375,Doe_375,Claire,1942,F,,,,,,,X,X,0,0,0,0,0,10:36:11,12:22:47,1:46:36,0,,,,0,10:04:16,12:11:19,2:07:03,0,,,,0,,,,0,,,,0,,,,0,,,,0,,,,0,,,,0,,,,0,,,,65,,,,,,65,F70,F70+,,,,,,,,,,,,,,,,,,,,,,0,0,0,,,,,,,,3:53:39,2
,407,,504020,504020,,,,,407,Doe_407,Mona,1973,F,,,,,,,X,X,0,0,0,0,0,11:38:09,13:15:08,1:36:59,0,,,,0,10:28:12,11:53:18,1:25:06,0,,,,0,,,,0,,,,0,,,,0,,,,0,,,,0,,,,0,,,,0,,,,97,,,,,,77,FBrown,F-Brown,,,,,,,,,,,,,,,,,,,,,,0,0,0,,,,,,,,3:02:05,1
,123,,2033271,2033271,,,,,123,Doe_123,Elexia,1997,F,,,,,,,X,X,0,0,0,0,0,11:24:12,12:56:13,1:32:01,0,,,,0,10:36:10,12:31:41,1:55:31,0,,,,0,,,,0,,,,0,,,,0,,,,0,,,,0,,,,0,,,,0,,,,728,,,,,,77,FBrown,F-Brown,,,,,,,,,,,,,,,,,,,,,,0,0,0,,,,,,,,3:27:32,2
,469,,1397485,1397485,,,,,469,Doe_469,Amy,1968,F,,,,,,,X,X,0,0,0,0,0,11:02:14,12:27:07,1:24:53,0,,,,0,10:58:16,12:40:15,1:41:59,3,,,,0,,,,0,,,,0,,,,0,,,,0,,,,0,,,,0,,,,0,,,,79,,,,,,77,FBrown,F-Brown,,,,,,,,,,,,,,,,,,,,,,0,0,0,,,,,,,,,
,446,,354226,354226,,,,,446,Doe_446,Leonid,1950,M,,,,,,,X,X,0,0,0,0,0,11:06:09,11:49:45,43:36,0,,,,0,9:04:10,10:21:50,1:17:40,0,,,,0,,,,0,,,,0,,,,0,,,,0,,,,0,,,,0,,,,0,,,,11,,,,,,79,M65,M65+,,,,,,,,,,,,,,,,,,,,,,0,0,0,,,,,,,,2:01:16,1
,463,,2015714,2015714,,,,,463,Doe_463,Robert,1947,M,,,,,,,X,X,0,0,0,0,0,11:48:10,12:55:13,1:07:03,0,,,,0,10:12:10,11:20:53,1:08:43,0,,,,0,,,,0,,,,0,,,,0,,,,0,,,,0,,,,0,,,,0,,,,77,,,,,,79,M65,M65+,,,,,,,,,,,,,,,,,,,,,,0,0,0,,,,,,,,2:15:46,2
,368,,339667,339667,,,,,368,Doe_368,Paul,1948,M,,,,,,,X,X,0,0,0,0,0,12:17:01,13:29:30,1:12:29,0,,,,0,9:44:11,10:51:01,1:06:50,0,,,,0,,,,0,,,,0,,,,0,,,,0,,,,0,,,,0,,,,0,,,,76,,,,,,79,M65,M65+,,,,,,,,,,,,,,,,,,,,,,0,0,0,,,,,,,,2:19:19,3
,447,,2013535,2013535,,,,,447,Doe_447,Ian,1949,M,,,,,,,X,X,0,0,0,0,0,11:16:13,12:31:19,1:15:06,0,,,,0,10:44:13,12:27:13,1:43:00,0,,,,0,,,,0,,,,0,,,,0,,,,0,,,,0,,,,0,,,,0,,,,9,,,,,,79,M65,M65+,,,,,,,,,,,,,,,,,,,,,,0,0,0,,,,,,,,2:58:06,4
,426,,1406575,1406575,,,,,426,Doe_426,Allan,1945,M,,,,,,,X,X,0,0,0,0,0,12:48:07,13:36:52,48:45,0,,,,0,9:12:08,10:16:44,1:04:36,0,,,,0,,,,0,,,,0,,,,0,,,,0,,,,0,,,,0,,,,0,,,,87,,,,,,81,M70,M70+,,,,,,,,,,,,,,,,,,,,,,0,0,0,,,,,,,,1:53:21,1
,365,,1392031,1392031,,,,,365,Doe_365,Bob,1943,M,,,,,,,X,X,0,0,0,0,0,12:04:15,13:04:30,1:00:15,0,,,,0,9:56:13,11:00:42,1:04:29,0,,,,0,,,,0,,,,0,,,,0,,,,0,,,,0,,,,0,,,,0,,,,43,,,,,,81,M70,M70+,,,,,,,,,,,,,,,,,,,,,,0,0,0,,,,,,,,2:04:44,2
,425,,887710,887710,,,,,425,Doe_425,Richard,1945,M,,,,,,,X,X,0,0,0,0,0,12:28:14,13:38:56,1:10:42,0,,,,0,9:32:13,10:43:42,1:11:29,0,,,,0,,,,0,,,,0,,,,0,,,,0,,,,0,,,,0,,,,0,,,,76,,,,,,81,M70,M70+,,,,,,,,,,,,,,,,,,,,,,0,0,0,,,,,,,,2:22:11,3
,401,,334277,334277,,,,,401,Doe_401,Michael,1944,M,,,,,,,X,X,0,0,0,0,0,10:08:07,12:01:45,1:53:38,0,,,,0,9:08:12,10:51:08,1:42:56,0,,,,0,,,,0,,,,0,,,,0,,,,0,,,,0,,,,0,,,,0,,,,87,,,,,,81,M70,M70+,,,,,,,,,,,,,,,,,,,,,,0,0,0,,,,,,,,3:36:34,4
,438,,2092231,2092231,,,,,438,Doe_438,Grafton,1945,M,,,,,,,X,X,0,0,0,0,0,11:00:12,12:45:24,1:45:12,0,,,,0,11:00:13,13:01:42,2:01:29,0,,,,0,,,,0,,,,0,,,,0,,,,0,,,,0,,,,0,,,,0,,,,76,,,,,,81,M70,M70+,,,,,,,,,,,,,,,,,,,,,,0,0,0,,,,,,,,3:46:41,5
,352,,228777,228777,,,,,352,Doe_352,Don,1943,M,,,,,,,X,X,0,0,0,0,0,12:12:11,13:26:24,1:14:13,3,,,,0,9:48:17,11:05:26,1:17:09,0,,,,0,,,,0,,,,0,,,,0,,,,0,,,,0,,,,0,,,,0,,,,16,,,,,,81,M70,M70+,,,,,,,,,,,,,,,,,,,,,,0,0,0,,,,,,,,,
,448,,255344,255344,,,,,448,Doe_448,Mike,1938,M,,,,,,,X,X,0,0,0,0,0,12:40:12,14:07:03,1:26:51,0,,,,0,9:20:26,10:55:50,1:35:24,0,,,,0,,,,0,,,,0,,,,0,,,,0,,,,0,,,,0,,,,0,,,,76,,,,,,83,M75,M75+,,,,,,,,,,,,,,,,,,,,,,0,0,0,,,,,,,,3:02:15,1
,433,,503238,503238,,,,,433,Doe_433,Louis,1941,M,,,,,,,X,X,0,0,0,0,0,10:00:12,13:00:38,3:00:26,3,,,,0,9:00:57,11:06:41,2:05:44,2,,,,0,,,,0,,,,0,,,,0,,,,0,,,,0,,,,0,,,,0,,,,98,,,,,,83,M75,M75+,,,,,,,,,,,,,,,,,,,,,,0,0,0,,,,,,,,,
,417,,887666,887666,,,,,417,Doe_417,Pat,1954,M,,,,,,,X,X,0,0,0,0,0,10:56:11,12:20:22,1:24:11,0,,,,0,11:04:11,12:09:19,1:05:08,0,,,,0,,,,0,,,,0,,,,0,,,,0,,,,0,,,,0,,,,0,,,,65,,,,,,93,MBrown,M-Brown,,,,,,,,,,,,,,,,,,,,,,0,0,0,,,,,,,,2:29:19,1
,169,,7206329,7206329,,,,,169,Doe_169,Rob,1970,M,,,,,,,X,X,0,0,0,0,0,12:44:07,14:33:18,1:49:11,0,,,,0,9:16:10,10:42:39,1:26:29,0,,,,0,,,,0,,,,0,,,,0,,,,0,,,,0,,,,0,,,,0,,,,721,,,,,,93,MBrown,M-Brown,,,,,,,,,,,,,,,,,,,,,,0,0,0,,,,,,,,3:15:40,2
,200,,2089705,2089705,,,,,200,Doe_200,CDR Anthony,1970,M,,,,,,,X,X,0,0,0,0,0,11:12:10,12:30:18,1:18:08,0,,,,0,10:48:11,13:10:07,2:21:56,0,,,,0,,,,0,,,,0,,,,0,,,,0,,,,0,,,,0,,,,0,,,,920,,,,,,93,MBrown,M-Brown,,,,,,,,,,,,,,,,,,,,,,0,0,0,,,,,,,,3:40:04,3
,362,,1396851,1396851,,,,,362,Doe_362,Brigitte,1998,F,,,,,,,X,X,0,0,0,0,0,10:57:11,12:03:53,1:06:42,0,,,,0,11:03:13,12:01:12,57:59,0,,,,0,,,,0,,,,0,,,,0,,,,0,,,,0,,,,0,,,,0,,,,108,,,,,,95,F20,F-20,,,,,,,,,,,,,,,,,,,,,,0,0,0,,,,,,,,2:04:41,1
,397,,416106,416106,,,,,397,Doe_397,Martina,1977,F,,,,,,,X,X,0,0,0,0,0,10:01:09,10:54:05,52:56,0,,,,0,9:07:11,9:59:28,52:17,0,,,,0,,,,0,,,,0,,,,0,,,,0,,,,0,,,,0,,,,0,,,,35,,,,,,97,F35,F35+,,,,,,,,,,,,,,,,,,,,,,0,0,0,,,,,,,,1:45:13,1
,364,,228003,228003,,,,,364,Doe_364,Anna,1973,F,,,,,,,X,X,0,0,0,0,0,10:41:11,11:50:14,1:09:03,0,,,,0,11:19:10,12:13:36,54:26,0,,,,0,,,,0,,,,0,,,,0,,,,0,,,,0,,,,0,,,,0,,,,35,,,,,,99,F40,F40+,,,,,,,,,,,,,,,,,,,,,,0,0,0,,,,,,,,2:03:29,1
,451,,2054159,2054159,,,,,451,Doe_451,Melanie,1972,F,,,,,,,X,X,0,0,0,0,0,12:51:18,14:49:41,1:58:23,0,,,,0,9:09:12,10:59:39,1:50:27,0,,,,0,,,,0,,,,0,,,,0,,,,0,,,,0,,,,0,,,,0,,,,999,,,,,,99,F40,F40+,,,,,,,,,,,,,,,,,,,,,,X,0,0,,,,,,,,3:48:50,2
,445,,432031,432031,,,,,445,Doe_445,Stephanie,1970,F,,,,,,,X,X,0,0,0,0,0,11:19:14,12:32:08,1:12:54,0,,,,0,10:41:17,11:48:43,1:07:26,0,,,,0,,,,0,,,,0,,,,0,,,,0,,,,0,,,,0,,,,0,,,,65,,,,,,101,F45,F45+,,,,,,,,,,,,,,,,,,,,,,0,0,0,,,,,,,,2:20:20,1
,462,,2035676,2035676,,,,,462,Doe_462,Alina,1969,F,,,,,,,X,X,0,0,0,0,0,10:51:16,13:08:14,2:16:58,0,,,,0,11:09:17,13:00:50,1:51:33,0,,,,0,,,,0,,,,0,,,,0,,,,0,,,,0,,,,0,,,,0,,,,97,,,,,,101,F45,F45+,,,,,,,,,,,,,,,,,,,,,,0,0,0,,,,,,,,4:08:31,2
,474,,2028497,2028497,,,,,474,Doe_474,Albina,1966,F,,,,,,,X,X,0,0,0,0,0,11:11:14,12:13:29,1:02:15,0,,,,0,11:07:13,12:08:31,1:01:18,0,,,,0,,,,0,,,,0,,,,0,,,,0,,,,0,,,,0,,,,0,,,,43,,,,,,103,F50,F50+,,,,,,,,,,,,,,,,,,,,,,0,0,0,,,,,,,,2:03:33,1
,356,,1403401,1403401,,,,,356,Doe_356,Kris,1962,F,,,,,,,X,X,0,0,0,0,0,10:05:11,11:17:17,1:12:06,0,,,,0,9:05:10,10:23:22,1:18:12,0,,,,0,,,,0,,,,0,,,,0,,,,0,,,,0,,,,0,,,,0,,,,79,,,,,,103,F50,F50+,,,,,,,,,,,,,,,,,,,,,,0,0,0,,,,,,,,2:30:18,2
,400,,887701,887701,,,,,400,Doe_400,Mary,1963,F,,,,,,,X,X,0,0,0,0,0,10:55:09,12:07:35,1:12:26,0,,,,0,11:05:10,12:28:22,1:23:12,0,,,,0,,,,0,,,,0,,,,0,,,,0,,,,0,,,,0,,,,0,,,,66,,,,,,103,F50,F50+,,,,,,,,,,,,,,,,,,,,,,0,0,0,,,,,,,,2:35:38,3
,358,,504572,504572,,,,,358,Doe_358,Brenda,1965,F,,,,,,,X,X,0,0,0,0,0,10:19:07,12:13:39,1:54:32,0,,,,0,11:41:11,13:12:14,1:31:03,0,,,,0,,,,0,,,,0,,,,0,,,,0,,,,0,,,,0,,,,0,,,,44,,,,,,103,F50,F50+,,,,,,,,,,,,,,,,,,,,,,0,0,0,,,,,,,,3:25:35,4
,422,,9101149,9101149,,,,,422,Doe_422,Aidan,2002,M,,,,,,,X,X,0,0,0,0,0,11:41:16,12:38:26,57:10,0,,,,0,10:19:12,11:08:31,49:19,0,,,,0,,,,0,,,,0,,,,0,,,,0,,,,0,,,,0,,,,0,,,,44,,,,,,107,M18,M-18,,,,,,,,,,,,,,,,,,,,,,0,0,0,,,,,,,,1:46:29,1
,255,,1799418,1799418,,,,,255,Doe_255,Dylan,1999,M,,,,,,,X,X,0,0,0,0,0,11:29:12,12:29:34,1:00:22,0,,,,0,10:31:11,11:35:35,1:04:24,0,,,,0,,,,0,,,,0,,,,0,,,,0,,,,0,,,,0,,,,0,,,,922,,,,,,107,M18,M-18,,,,,,,,,,,,,,,,,,,,,,0,0,0,,,,,,,,2:04:46,2
,81,,2068579,2068579,,,,,81,Doe_81,Ben,1999,M,,,,,,,X,X,0,0,0,0,0,12:43:11,13:49:41,1:06:30,0,,,,0,9:17:10,10:29:08,1:11:58,0,,,,0,,,,0,,,,0,,,,0,,,,0,,,,0,,,,0,,,,0,,,,805,,,,,,107,M18,M-18,,,,,,,,,,,,,,,,,,,,,,0,0,0,,,,,,,,2:18:28,3
,257,,2020700,2020700,,,,,257,Doe_257,James,2000,M,,,,,,,X,X,0,0,0,0,0,11:21:10,12:49:57,1:28:47,0,,,,0,10:39:11,11:45:05,1:05:54,0,,,,0,,,,0,,,,0,,,,0,,,,0,,,,0,,,,0,,,,0,,,,922,,,,,,107,M18,M-18,,,,,,,,,,,,,,,,,,,,,,0,0,0,,,,,,,,2:34:41,4
,249,,2020699,2020699,,,,,249,Doe_249,Nathan,2000,M,,,,,,,X,X,0,0,0,0,0,11:43:11,13:06:25,1:23:14,0,,,,0,10:17:11,11:28:46,1:11:35,0,,,,0,,,,0,,,,0,,,,0,,,,0,,,,0,,,,0,,,,0,,,,922,,,,,,107,M18,M-18,,,,,,,,,,,,,,,,,,,,,,0,0,0,,,,,,,,2:34:49,5
,132,,2064503,2064503,,,,,132,Doe_132,Chester,2000,M,,,,,,,X,X,0,0,0,0,0,11:59:11,13:21:39,1:22:28,0,,,,0,10:01:11,11:15:27,1:14:16,0,,,,0,,,,0,,,,0,,,,0,,,,0,,,,0,,,,0,,,,0,,,,728,,,,,,107,M18,M-18,,,,,,,,,,,,,,,,,,,,,,0,0,0,,,,,,,,2:36:44,6
,259,,2020697,2020697,,,,,259,Doe_259,Alex,1999,M,,,,,,,X,X,0,0,0,0,0,11:35:13,12:58:07,1:22:54,0,,,,0,10:25:12,11:43:55,1:18:43,0,,,,0,,,,0,,,,0,,,,0,,,,0,,,,0,,,,0,,,,0,,,,922,,,,,,107,M18,M-18,,,,,,,,,,,,,,,,,,,,,,0,0,0,,,,,,,,2:41:37,7
,84,,2068580,2068580,,,,,84,Doe_84,Jared,2000,M,,,,,,,X,X,0,0,0,0,0,12:55:14,14:06:43,1:11:29,0,,,,0,9:05:12,10:49:04,1:43:52,0,,,,0,,,,0,,,,0,,,,0,,,,0,,,,0,,,,0,,,,0,,,,805,,,,,,107,M18,M-18,,,,,,,,,,,,,,,,,,,,,,0,0,0,,,,,,,,2:55:21,8
,134,,2064515,2064515,,,,,134,Doe_134,Edwardo,1999,M,,,,,,,X,X,0,0,0,0,0,12:05:11,13:35:50,1:30:39,0,,,,0,9:55:12,11:28:12,1:33:00,0,,,,0,,,,0,,,,0,,,,0,,,,0,,,,0,,,,0,,,,0,,,,728,,,,,,107,M18,M-18,,,,,,,,,,,,,,,,,,,,,,0,0,0,,,,,,,,3:03:39,9
,354,,504916,504916,,,,,354,Doe_354,Gregory,1963,M,,,,,,,X,X,0,0,0,0,0,12:47:10,13:33:20,46:10,0,,,,0,9:13:11,9:54:08,40:57,0,,,,0,,,,0,,,,0,,,,0,,,,0,,,,0,,,,0,,,,0,,,,23,,,,,,109,M50,M50+,,,,,,,,,,,,,,,,,,,,,,0,0,0,,,,,,,,1:27:07,1
,376,,887702,887702,,,,,376,Doe_376,Michael,1964,M,,,,,,,X,X,0,0,0,0,0,10:59:10,11:50:22,51:12,0,,,,0,11:01:12,11:45:10,43:58,0,,,,0,,,,0,,,,0,,,,0,,,,0,,,,0,,,,0,,,,0,,,,66,,,,,,109,M50,M50+,,,,,,,,,,,,,,,,,,,,,,0,0,0,,,,,,,,1:35:10,2
,411,,221779,221779,,,,,411,Doe_411,Jiri,1966,M,,,,,,,X,X,0,0,0,0,0,12:13:09,13:11:55,58:46,0,,,,0,9:51:12,10:56:14,1:05:02,0,,,,0,,,,0,,,,0,,,,0,,,,0,,,,0,,,,0,,,,0,,,,999,,,,,,109,M50,M50+,,,,,,,,,,,,,,,,,,,,,,0,0,0,,,,,,,,2:03:48,3
,392,,2059305,2059305,,,,,392,Doe_392,Mark,1964,M,,,,,,,X,X,0,0,0,0,0,10:35:14,12:09:40,1:34:26,0,,,,0,11:25:14,12:39:54,1:14:40,0,,,,0,,,,0,,,,0,,,,0,,,,0,,,,0,,,,0,,,,0,,,,77,,,,,,109,M50,M50+,,,,,,,,,,,,,,,,,,,,,,0,0,0,,,,,,,,2:49:06,4
,443,,887722,887722,,,,,443,Doe_443,Matthew,1966,M,,,,,,,X,X,0,0,0,0,0,11:07:13,12:40:50,1:33:37,0,,,,0,10:53:19,12:20:50,1:27:31,0,,,,0,,,,0,,,,0,,,,0,,,,0,,,,0,,,,0,,,,0,,,,65,,,,,,109,M50,M50+,,,,,,,,,,,,,,,,,,,,,,0,0,0,,,,,,,,3:01:08,5
,453,,2016522,2016522,,,,,453,Doe_453,Arthur Lee,1965,M,,,,,,,X,X,0,0,0,0,0,11:21:06,13:00:35,1:39:29,0,,,,0,10:39:08,12:07:13,1:28:05,0,,,,0,,,,0,,,,0,,,,0,,,,0,,,,0,,,,0,,,,0,,,,97,,,,,,109,M50,M50+,,,,,,,,,,,,,,,,,,,,,,0,0,0,,,,,,,,3:07:34,6
,408,,2064540,2064540,,,,,408,Doe_408,Robby,1966,M,,,,,,,X,X,0,0,0,0,0,11:35:16,13:38:38,2:03:22,0,,,,0,10:25:18,12:16:05,1:50:47,0,,,,0,,,,0,,,,0,,,,0,,,,0,,,,0,,,,0,,,,0,,,,97,,,,,,109,M50,M50+,,,,,,,,,,,,,,,,,,,,,,0,0,0,,,,,,,,3:54:09,7
,377,,,2037980,,,,,377,Doe_377,Herbert,1962,M,,,,,,,0,X,0,0,0,0,X,,,,0,,,,0,10:13:08,11:26:14,1:13:06,0,,,,0,,,,0,,,,0,,,,0,,,,0,,,,0,,,,0,,,,0,,,,35,,,,,,109,M50,M50+,,,,,,,,,,,,,,,,,,,,,,0,0,0,,,,,,,,,
,361,,,336893,,,,,361,Doe_361,Daniel,1964,M,,,,,,,0,X,0,0,0,0,X,,,,0,,,,0,9:17:15,11:06:44,1:49:29,0,,,,0,,,,0,,,,0,,,,0,,,,0,,,,0,,,,0,,,,0,,,,97,,,,,,109,M50,M50+,,,,,,,,,,,,,,,,,,,,,,0,0,0,,,,,,,,,
,432,,221762,221762,,,,,432,Doe_432,Tim,1957,M,,,,,,,X,X,0,0,0,0,0,12:23:24,13:15:50,52:26,0,,,,0,9:37:16,10:28:26,51:10,0,,,,0,,,,0,,,,0,,,,0,,,,0,,,,0,,,,0,,,,0,,,,57,,,,,,111,M55,M55+,,,,,,,,,,,,,,,,,,,,,,0,0,0,,,,,,,,1:43:36,1
,461,,2054161,2054161,,,,,461,Doe_461,Josef,1960,M,,,,,,,X,X,0,0,0,0,0,10:39:16,11:36:45,57:29,0,,,,0,11:21:12,12:16:55,55:43,0,,,,0,,,,0,,,,0,,,,0,,,,0,,,,0,,,,0,,,,0,,,,17,,,,,,111,M55,M55+,,,,,,,,,,,,,,,,,,,,,,X,0,0,,,,,,,,1:53:12,2
,406,,2059393,2059393,,,,,406,Doe_406,Greg,1957,M,,,,,,,X,X,0,0,0,0,0,12:31:44,13:35:46,1:04:02,0,,,,0,9:29:54,10:33:06,1:03:12,0,,,,0,,,,0,,,,0,,,,0,,,,0,,,,0,,,,0,,,,0,,,,77,,,,,,111,M55,M55+,,,,,,,,,,,,,,,,,,,,,,0,0,0,,,,,,,,2:07:14,3
,424,,1398670,1398670,,,,,424,Doe_424,Bruce,1957,M,,,,,,,X,X,0,0,0,0,0,12:07:19,13:16:32,1:09:13,0,,,,0,9:53:12,11:04:25,1:11:13,0,,,,0,,,,0,,,,0,,,,0,,,,0,,,,0,,,,0,,,,0,,,,67,,,,,,111,M55,M55+,,,,,,,,,,,,,,,,,,,,,,0,0,0,,,,,,,,2:20:26,4
,467,,1398040,1398040,,,,,467,Doe_467,Kean,1958,M,,,,,,,X,X,0,0,0,0,0,12:11:09,13:11:33,1:00:24,0,,,,0,9:49:10,11:11:27,1:22:17,0,,,,0,,,,0,,,,0,,,,0,,,,0,,,,0,,,,0,,,,0,,,,16,,,,,,111,M55,M55+,,,,,,,,,,,,,,,,,,,,,,0,0,0,,,,,,,,2:22:41,5
,429,,2017975,2017975,,,,,429,Doe_429,Guy,1957,M,,,,,,,X,X,0,0,0,0,0,10:47:09,12:18:24,1:31:15,0,,,,0,11:13:11,12:31:43,1:18:32,0,,,,0,,,,0,,,,0,,,,0,,,,0,,,,0,,,,0,,,,0,,,,43,,,,,,111,M55,M55+,,,,,,,,,,,,,,,,,,,,,,0,0,0,,,,,,,,2:49:47,6
,402,,432172,432172,,,,,402,Doe_402,Kenneth,1957,M,,,,,,,X,X,0,0,0,0,0,11:55:16,13:36:59,1:41:43,0,,,,0,10:05:14,11:35:54,1:30:40,0,,,,0,,,,0,,,,0,,,,0,,,,0,,,,0,,,,0,,,,0,,,,67,,,,,,111,M55,M55+,,,,,,,,,,,,,,,,,,,,,,0,0,0,,,,,,,,3:12:23,7
,367,,2016542,2016542,,,,,367,Doe_367,Joey,1958,M,,,,,,,X,X,0,0,0,0,0,7:46:27,8:49:34,1:03:07,0,,,,0,7:33:50,8:35:26,1:01:36,3,,,,0,,,,0,,,,0,,,,0,,,,0,,,,0,,,,0,,,,0,,,,97,,,,,,111,M55,M55+,,,,,,,,,,,,,,,,,,,,,,0,0,0,,,,,,,,,
,428,,2035697,2035697,,,,,428,Doe_428,Tom,1952,M,,,,,,,X,X,0,0,0,0,0,12:19:23,13:18:06,58:43,0,,,,0,9:41:16,10:34:19,53:03,0,,,,0,,,,0,,,,0,,,,0,,,,0,,,,0,,,,0,,,,0,,,,77,,,,,,113,M60,M60+,,,,,,,,,,,,,,,,,,,,,,0,0,0,,,,,,,,1:51:46,1
,363,,7041,7041,,,,,363,Doe_363,Ron,1951,M,,,,,,,X,X,0,0,0,0,0,12:39:11,13:36:02,56:51,0,,,,0,9:21:10,10:18:50,57:40,0,,,,0,,,,0,,,,0,,,,0,,,,0,,,,0,,,,0,,,,0,,,,23,,,,,,113,M60,M60+,,,,,,,,,,,,,,,,,,,,,,0,0,0,,,,,,,,1:54:31,2
,449,,46602,46602,,,,,449,Doe_449,Walter,1949,M,,,,,,,X,X,0,0,0,0,0,11:31:10,12:28:43,57:33,0,,,,0,10:29:19,11:31:49,1:02:30,0,,,,0,,,,0,,,,0,,,,0,,,,0,,,,0,,,,0,,,,0,,,,17,,,,,,113,M60,M60+,,,,,,,,,,,,,,,,,,,,,,0,0,0,,,,,,,,2:00:03,3
,373,,2068599,2068599,,,,,373,Doe_373,Piaras,1955,M,,,,,,,X,X,0,0,0,0,0,11:59:08,12:56:44,57:36,0,,,,0,10:01:08,11:04:24,1:03:16,0,,,,0,,,,0,,,,0,,,,0,,,,0,,,,0,,,,0,,,,0,,,,35,,,,,,113,M60,M60+,,,,,,,,,,,,,,,,,,,,,,0,0,0,,,,,,,,2:00:52,4
,419,,2037975,2037975,,,,,419,Doe_419,Ian,1954,M,,,,,,,X,X,0,0,0,0,0,11:39:10,12:52:03,1:12:53,0,,,,0,10:21:07,11:35:14,1:14:07,0,,,,0,,,,0,,,,0,,,,0,,,,0,,,,0,,,,0,,,,0,,,,35,,,,,,113,M60,M60+,,,,,,,,,,,,,,,,,,,,,,0,0,0,,,,,,,,2:27:00,5
,350,,346083,346083,,,,,350,Doe_350,Frank,1952,M,,,,,,,X,X,0,0,0,0,0,12:15:08,13:32:59,1:17:51,0,,,,0,9:45:11,10:55:46,1:10:35,0,,,,0,,,,0,,,,0,,,,0,,,,0,,,,0,,,,0,,,,0,,,,35,,,,,,113,M60,M60+,,,,,,,,,,,,,,,,,,,,,,0,0,0,,,,,,,,2:28:26,6
,390,,227395,227395,,,,,390,Doe_390,Jim,1945,M,,,,,,,X,X,0,0,0,0,0,12:59:18,14:15:37,1:16:19,0,,,,0,11:59:13,13:11:47,1:12:34,0,,,,0,,,,0,,,,0,,,,0,,,,0,,,,0,,,,0,,,,0,,,,17,,,,,,113,M60,M60+,,,,,,,,,,,,,,,,,,,,,,0,0,0,,,,,,,,2:28:53,7
,387,,1392037,1392037,,,,,387,Doe_387,Peter,1951,M,,,,,,,X,X,0,0,0,0,0,10:13:09,11:51:25,1:38:16,0,,,,0,11:47:11,13:00:46,1:13:35,0,,,,0,,,,0,,,,0,,,,0,,,,0,,,,0,,,,0,,,,0,,,,92,,,,,,113,M60,M60+,,,,,,,,,,,,,,,,,,,,,,0,0,0,,,,,,,,2:51:51,8
,472,,2016526,2016526,,,,,472,Doe_472,Brian,1947,M,,,,,,,X,X,0,0,0,0,0,11:43:11,13:32:03,1:48:52,0,,,,0,7:37:08,9:27:34,1:50:26,0,,,,0,,,,0,,,,0,,,,0,,,,0,,,,0,,,,0,,,,0,,,,35,,,,,,113,M60,M60+,,,,,,,,,,,,,,,,,,,,,,0,0,0,,,,,,,,3:39:18,9
,388,,2037945,2037945,,,,,388,Doe_388,Rick,1953,M,,,,,,,X,X,0,0,0,0,0,11:51:14,13:54:55,2:03:41,0,,,,0,10:09:18,12:10:54,2:01:36,0,,,,0,,,,0,,,,0,,,,0,,,,0,,,,0,,,,0,,,,0,,,,97,,,,,,113,M60,M60+,,,,,,,,,,,,,,,,,,,,,,0,0,0,,,,,,,,4:05:17,10
,436,,337940,337940,,,,,436,Doe_436,James,1954,M,,,,,,,X,X,0,0,0,0,0,12:03:14,15:16:16,3:13:02,3,,,,0,9:57:15,13:03:03,3:05:48,3,,,,0,,,,0,,,,0,,,,0,,,,0,,,,0,,,,0,,,,0,,,,97,,,,,,113,M60,M60+,,,,,,,,,,,,,,,,,,,,,,0,0,0,,,,,,,,,
,328,,2013584,2013584,,,,,328,Doe_328,Sean,1996,M,,,,,,,X,X,0,0,0,0,0,11:03:18,12:16:39,1:13:21,0,,,,0,10:17:11,11:09:34,52:23,0,,,,0,,,,0,,,,0,,,,0,,,,0,,,,0,,,,0,,,,0,,,,93,,,,,,115,MGreen,M-Green,,,,,,,,,,,,,,,,,,,,,,0,0,0,,,,,,,,2:05:44,1
,338,,2013569,2013569,,,,,338,Doe_338,Stephen,1994,M,,,,,,,X,X,0,0,0,0,0,12:17:09,13:30:55,1:13:46,0,,,,0,9:19:10,10:18:16,59:06,0,,,,0,,,,0,,,,0,,,,0,,,,0,,,,0,,,,0,,,,0,,,,93,,,,,,115,MGreen,M-Green,,,,,,,,,,,,,,,,,,,,,,0,0,0,,,,,,,,2:12:52,2
,336,,2013600,2013600,,,,,336,Doe_336,Samuel,1996,M,,,,,,,X,X,0,0,0,0,0,10:23:11,12:00:37,1:37:26,0,,,,0,10:27:11,11:25:15,58:04,0,,,,0,,,,0,,,,0,,,,0,,,,0,,,,0,,,,0,,,,0,,,,93,,,,,,115,MGreen,M-Green,,,,,,,,,,,,,,,,,,,,,,0,0,0,,,,,,,,2:35:30,3
,342,,2013563,2013563,,,,,342,Doe_342,David,1995,M,,,,,,,X,X,0,0,0,0,0,11:15:12,12:59:36,1:44:24,0,,,,0,10:45:13,11:47:58,1:02:45,0,,,,0,,,,0,,,,0,,,,0,,,,0,,,,0,,,,0,,,,0,,,,93,,,,,,115,MGreen,M-Green,,,,,,,,,,,,,,,,,,,,,,0,0,0,,,,,,,,2:47:09,4
,92,,2068582,2068582,,,,,92,Doe_92,Jack,1997,M,,,,,,,X,X,0,0,0,0,0,12:29:11,14:21:31,1:52:20,0,,,,0,9:35:11,10:57:34,1:22:23,0,,,,0,,,,0,,,,0,,,,0,,,,0,,,,0,,,,0,,,,0,,,,805,,,,,,115,MGreen,M-Green,,,,,,,,,,,,,,,,,,,,,,0,0,0,,,,,,,,3:14:43,5
,476,,432003,432003,,,,,476,Doe_476,Yuri,1990,M,,,,,,,X,X,0,0,0,0,0,10:45:10,12:51:21,2:06:11,0,,,,0,10:43:11,12:19:17,1:36:06,0,,,,0,,,,0,,,,0,,,,0,,,,0,,,,0,,,,0,,,,0,,,,43,,,,,,115,MGreen,M-Green,,,,,,,,,,,,,,,,,,,,,,0,0,0,,,,,,,,3:42:17,6
,386,,2054153,2054153,,,,,386,Doe_386,John,1974,M,,,,,,,X,X,0,0,0,0,0,12:35:15,15:20:19,2:45:04,0,,,,0,9:25:20,11:55:30,2:30:10,0,,,,0,,,,0,,,,0,,,,0,,,,0,,,,0,,,,0,,,,0,,,,35,,,,,,115,MGreen,M-Green,,,,,,,,,,,,,,,,,,,,,,X,0,0,,,,,,,,5:15:14,7
,327,,2013578,2013578,,,,,327,Doe_327,Justin,1997,M,,,,,,,X,X,0,0,0,0,0,11:27:10,12:26:40,59:30,3,,,,0,10:33:11,11:35:37,1:02:26,0,,,,0,,,,0,,,,0,,,,0,,,,0,,,,0,,,,0,,,,0,,,,93,,,,,,115,MGreen,M-Green,,,,,,,,,,,,,,,,,,,,,,0,0,0,,,,,,,,,
,331,,2013594,2013594,,,,,331,Doe_331,Luke,1997,M,,,,,,,X,X,0,0,0,0,0,11:37:14,12:57:55,1:20:41,3,,,,0,10:23:13,11:24:11,1:00:58,0,,,,0,,,,0,,,,0,,,,0,,,,0,,,,0,,,,0,,,,0,,,,93,,,,,,115,MGreen,M-Green,,,,,,,,,,,,,,,,,,,,,,0,0,0,,,,,,,,,
,398,,2054156,2054156,,,,,398,Doe_398,Alex,1987,M,,,,,,,X,X,0,0,0,0,0,11:57:13,13:06:43,1:09:30,3,,,,0,10:03:12,11:04:31,1:01:19,0,,,,0,,,,0,,,,0,,,,0,,,,0,,,,0,,,,0,,,,0,,,,35,,,,,,115,MGreen,M-Green,,,,,,,,,,,,,,,,,,,,,,X,0,0,,,,,,,,,
,475,,432002,432002,,,,,475,Doe_475,Peter,1999,M,,,,,,,X,X,0,0,0,0,0,11:23:09,12:33:27,1:10:18,0,,,,0,11:01:10,12:26:49,1:25:39,0,,,,0,,,,0,,,,0,,,,0,,,,0,,,,0,,,,0,,,,0,,,,43,,,,,,117,M20,M-20,,,,,,,,,,,,,,,,,,,,,,0,0,0,,,,,,,,2:35:57,1
,441,,1407992,1407992,,,,,441,Doe_441,Anthony,2001,M,,,,,,,X,X,0,0,0,0,0,11:57:12,13:17:25,1:20:13,0,,,,0,10:03:11,11:25:13,1:22:02,0,,,,0,,,,0,,,,0,,,,0,,,,0,,,,0,,,,0,,,,0,,,,23,,,,,,117,M20,M-20,,,,,,,,,,,,,,,,,,,,,,0,0,0,,,,,,,,2:42:15,2
,333,,2013562,2013562,,,,,333,Doe_333,George,1996,M,,,,,,,X,X,0,0,0,0,0,10:51:10,12:41:37,1:50:27,0,,,,0,11:09:12,12:40:14,1:31:02,0,,,,0,,,,0,,,,0,,,,0,,,,0,,,,0,,,,0,,,,0,,,,93,,,,,,117,M20,M-20,,,,,,,,,,,,,,,,,,,,,,0,0,0,,,,,,,,3:21:29,3
,339,,2013595,2013595,,,,,339,Doe_339,Nicholas,1996,M,,,,,,,X,X,0,0,0,0,0,12:49:38,14:59:36,2:09:58,0,,,,0,9:11:15,11:30:40,2:19:25,0,,,,0,,,,0,,,,0,,,,0,,,,0,,,,0,,,,0,,,,0,,,,93,,,,,,117,M20,M-20,,,,,,,,,,,,,,,,,,,,,,0,0,0,,,,,,,,4:29:23,4
,382,,2051201,2051201,,,,,382,Doe_382,Austin,1996,M,,,,,,,X,X,0,0,0,0,0,12:03:11,13:11:39,1:08:28,0,,,,0,9:57:12,11:10:00,1:12:48,3,,,,0,,,,0,,,,0,,,,0,,,,0,,,,0,,,,0,,,,0,,,,35,,,,,,117,M20,M-20,,,,,,,,,,,,,,,,,,,,,,0,0,0,,,,,,,,,
,403,,9000112,9000112,,,,,403,Doe_403,Thomas,2000,M,,,,,,,X,X,0,0,0,0,0,10:45:10,11:50:16,1:05:06,3,,,,0,11:15:11,12:34:15,1:19:04,0,,,,0,,,,0,,,,0,,,,0,,,,0,,,,0,,,,0,,,,0,,,,53,,,,,,117,M20,M-20,,,,,,,,,,,,,,,,,,,,,,0,0,0,,,,,,,,,
,,,,887664,,,,,,Doe_,Sebastian,,M,,,,,,,0,X,X,X,X,X,0,,,,0,,,,0,10:45:15,12:43:49,1:58:34,0,,,,0,,,,0,,,,0,,,,0,,,,0,,,,0,,,,0,,,,0,,,,31,,,,,,117,M20,M-20,117,M20,M-20,,,,,,,,,,,,,,,,,,,0,0,0,,,,,,,,,
,347,,2033377,2033377,,,,,347,Doe_347,Videlin,1973,M,,,,,,,X,X,0,0,0,0,0,11:41:13,12:55:16,1:14:03,0,,,,0,10:19:11,11:50:07,1:30:56,0,,,,0,,,,0,,,,0,,,,0,,,,0,,,,0,,,,0,,,,0,,,,77,,,,,,119,M35,M35+,,,,,,,,,,,,,,,,,,,,,,0,0,0,,,,,,,,2:44:59,1
,366,,981698,981698,,,,,366,Doe_366,Jens,1976,M,,,,,,,X,X,0,0,0,0,0,11:35:13,13:05:07,1:29:54,0,,,,0,10:25:12,11:59:48,1:34:36,0,,,,0,,,,0,,,,0,,,,0,,,,0,,,,0,,,,0,,,,0,,,,87,,,,,,119,M35,M35+,,,,,,,,,,,,,,,,,,,,,,0,0,0,,,,,,,,3:04:30,2
,464,,432074,432074,,,,,464,Doe_464,David,1965,M,,,,,,,X,X,0,0,0,0,0,11:29:11,13:21:32,1:52:21,0,,,,0,10:31:10,12:21:14,1:50:04,0,,,,0,,,,0,,,,0,,,,0,,,,0,,,,0,,,,0,,,,0,,,,65,,,,,,119,M35,M35+,,,,,,,,,,,,,,,,,,,,,,0,0,0,,,,,,,,3:42:25,3
,391,,2049406,2049406,,,,,391,Doe_391,Benjamin,1962,M,,,,,,,X,X,0,0,0,0,0,11:25:10,12:49:49,1:24:39,0,,,,0,10:35:15,12:12:42,1:37:27,0,,,,0,,,,0,,,,0,,,,0,,,,0,,,,0,,,,0,,,,0,,,,65,,,,,,121,M40,M40+,,,,,,,,,,,,,,,,,,,,,,0,0,0,,,,,,,,3:02:06,1
,459,,46607,46607,,,,,459,Doe_459,Glen,1953,M,,,,,,,X,X,0,0,0,0,0,10:07:09,11:37:05,1:29:56,0,,,,0,11:53:11,13:29:08,1:35:57,0,,,,0,,,,0,,,,0,,,,0,,,,0,,,,0,,,,0,,,,0,,,,24,,,,,,123,M45,M45+,,,,,,,,,,,,,,,,,,,,,,0,0,0,,,,,,,,3:05:53,1
,440,,2013618,2013618,,,,,440,Doe_440,Col Mark,1970,M,,,,,,,X,X,0,0,0,0,0,10:35:12,12:06:49,1:31:37,0,,,,0,11:25:12,13:10:09,1:44:57,0,,,,0,,,,0,,,,0,,,,0,,,,0,,,,0,,,,0,,,,0,,,,93,,,,,,123,M45,M45+,,,,,,,,,,,,,,,,,,,,,,0,0,0,,,,,,,,3:16:34,2
,423,,9101150,9101150,,,,,423,Doe_423,Robert,1966,M,,,,,,,X,X,0,0,0,0,0,10:17:19,11:54:31,1:37:12,0,,,,0,11:43:15,13:24:08,1:40:53,0,,,,0,,,,0,,,,0,,,,0,,,,0,,,,0,,,,0,,,,0,,,,44,,,,,,123,M45,M45+,,,,,,,,,,,,,,,,,,,,,,0,0,0,,,,,,,,3:18:05,3
,421,,887713,887713,,,,,421,Doe_421,Michael,1960,M,,,,,,,X,X,0,0,0,0,0,10:23:13,11:57:21,1:34:08,0,,,,0,11:37:12,13:25:35,1:48:23,0,,,,0,,,,0,,,,0,,,,0,,,,0,,,,0,,,,0,,,,0,,,,65,,,,,,123,M45,M45+,,,,,,,,,,,,,,,,,,,,,,0,0,0,,,,,,,,3:22:31,4
,439,,1413681,1413681,,,,,439,Doe_439,Todd,1968,M,,,,,,,X,X,0,0,0,0,0,10:39:13,12:30:02,1:50:49,0,,,,0,11:21:12,13:15:24,1:54:12,0,,,,0,,,,0,,,,0,,,,0,,,,0,,,,0,,,,0,,,,0,,,,58,,,,,,123,M45,M45+,,,,,,,,,,,,,,,,,,,,,,0,0,0,,,,,,,,3:45:01,5
,369,,1398675,1398675,,,,,369,Doe_369,John,1968,M,,,,,,,X,X,0,0,0,0,0,11:13:10,13:13:23,2:00:13,0,,,,0,10:47:11,12:51:13,2:04:02,0,,,,0,,,,0,,,,0,,,,0,,,,0,,,,0,,,,0,,,,0,,,,79,,,,,,123,M45,M45+,,,,,,,,,,,,,,,,,,,,,,0,0,0,,,,,,,,4:04:15,6
,471,,2041662,2041662,,,,,471,Doe_471,Geoff,1970,M,,,,,,,X,X,0,0,0,0,0,11:19:09,13:18:42,1:59:33,0,,,,0,10:41:14,12:55:58,2:14:44,0,,,,0,,,,0,,,,0,,,,0,,,,0,,,,0,,,,0,,,,0,,,,35,,,,,,123,M45,M45+,,,,,,,,,,,,,,,,,,,,,,0,0,0,,,,,,,,4:14:17,7
,355,,887696,887696,,,,,355,Doe_355,Steven,1964,M,,,,,,,X,X,0,0,0,0,0,10:57:10,13:08:40,2:11:30,0,,,,0,11:03:11,13:06:43,2:03:32,0,,,,0,,,,0,,,,0,,,,0,,,,0,,,,0,,,,0,,,,0,,,,55,,,,,,123,M45,M45+,,,,,,,,,,,,,,,,,,,,,,0,0,0,,,,,,,,4:15:02,8
,396,,232724,232724,,,,,396,Doe_396,Keith,1970,M,,,,,,,X,X,0,0,0,0,0,12:59:19,14:56:54,1:57:35,0,,,,0,11:59:10,13:19:30,1:20:20,2,,,,0,,,,0,,,,0,,,,0,,,,0,,,,0,,,,0,,,,0,,,,35,,,,,,123,M45,M45+,,,,,,,,,,,,,,,,,,,,,,0,0,0,,,,,,,,,
,345,,2054151,2054151,,,,,345,Doe_345,David,1971,M,,,,,,,X,X,0,0,0,0,0,10:03:10,11:56:44,1:53:34,0,,,,0,11:57:11,12:28:12,31:01,3,,,,0,,,,0,,,,0,,,,0,,,,0,,,,0,,,,0,,,,0,,,,999,,,,,,123,M45,M45+,,,,,,,,,,,,,,,,,,,,,,X,0,0,,,,,,,,,
,343,,2013572,2013572,,,,,343,Doe_343,William,1995,M,,,,,,,X,X,0,0,0,0,0,11:45:12,13:25:08,1:39:56,0,,,,0,10:15:11,11:52:10,1:36:59,0,,,,0,,,,0,,,,0,,,,0,,,,0,,,,0,,,,0,,,,0,,,,93,,,,,,125,MRed,M-Red,,,,,,,,,,,,,,,,,,,,,,0,0,0,,,,,,,,3:16:55,1
,450,,8625642,8625642,,,,,450,Doe_450,Christopher,1982,M,,,,,,,X,X,0,0,0,0,0,12:31:46,15:18:57,2:47:11,3,,,,0,9:01:12,11:47:21,2:46:09,0,,,,0,,,,0,,,,0,,,,0,,,,0,,,,0,,,,0,,,,0,,,,79,,,,,,125,MRed,M-Red,,,,,,,,,,,,,,,,,,,,,,X,0,0,,,,,,,,,
,371,,1600393,1600393,,,,,371,Doe_371,Hannah,1990,F,,,,,,,X,X,0,0,0,0,0,12:09:10,13:14:38,1:05:28,0,,,,0,9:51:11,11:03:33,1:12:22,0,,,,0,,,,0,,,,0,,,,0,,,,0,,,,0,,,,0,,,,0,,,,77,,,,,,127,F21,F-21+,,,,,,,,,,,,,,,,,,,,,,0,0,0,,,,,,,,2:17:50,1
,427,,348681,348681,,,,,427,Doe_427,Addie,1995,F,,,,,,,X,X,0,0,0,0,0,12:19:14,14:28:15,2:09:01,0,,,,0,9:41:15,11:37:20,1:56:05,0,,,,0,,,,0,,,,0,,,,0,,,,0,,,,0,,,,0,,,,0,,,,77,,,,,,127,F21,F-21+,,,,,,,,,,,,,,,,,,,,,,0,0,0,,,,,,,,4:05:06,2
,344,,2013614,2013614,,,,,344,Doe_344,Rachel,1993,F,,,,,,,X,X,0,0,0,0,0,10:41:18,12:55:20,2:14:02,0,,,,0,9:17:13,12:09:57,2:52:44,0,,,,0,,,,0,,,,0,,,,0,,,,0,,,,0,,,,0,,,,0,,,,93,,,,,,127,F21,F-21+,,,,,,,,,,,,,,,,,,,,,,0,0,0,,,,,,,,5:06:46,3
,458,,1398672,1398672,,,,,458,Doe_458,Amber,1981,F,,,,,,,X,X,0,0,0,0,0,12:37:12,,,2,,,,0,9:39:13,,,2,,,,0,,,,0,,,,0,,,,0,,,,0,,,,0,,,,0,,,,0,,,,77,,,,,,127,F21,F-21+,,,,,,,,,,,,,,,,,,,,,,0,0,0,,,,,,,,,
,431,,221756,221756,,,,,431,Doe_431,Meg,1994,F,,,,,,,X,X,0,0,0,0,0,12:25:10,14:34:18,2:09:08,3,,,,0,9:35:10,11:18:32,1:43:22,0,,,,0,,,,0,,,,0,,,,0,,,,0,,,,0,,,,0,,,,0,,,,57,,,,,,127,F21,F-21+,,,,,,,,,,,,,,,,,,,,,,0,0,0,,,,,,,,,
,477,,1302185,1302185,,,,,477,Doe_477,Sergei,1979,M,,,,,,,X,X,0,0,0,0,0,13:00:12,14:17:20,1:17:08,0,,,,0,9:00:12,10:21:28,1:21:16,0,,,,0,,,,0,,,,0,,,,0,,,,0,,,,0,,,,0,,,,0,,,,23,,,,,,129,M21,M-21+,,,,,,,,,,,,,,,,,,,,,,0,0,0,,,,,,,,2:38:24,1
,479,,7201799,7201799,,,,,479,Doe_479,James,1992,M,,,,,,,X,X,0,0,0,0,0,11:08:09,12:33:27,1:25:18,0,,,,0,10:52:10,12:16:44,1:24:34,0,,,,0,,,,0,,,,0,,,,0,,,,0,,,,0,,,,0,,,,0,,,,93,,,,,,129,M21,M-21+,,,,,,,,,,,,,,,,,,,,,,0,0,0,,,,,,,,2:49:52,2
,351,,887705,887705,,,,,351,Doe_351,Keith,1990,M,,,,,,,X,X,0,0,0,0,0,12:28:09,13:55:34,1:27:25,0,,,,0,9:32:10,10:55:27,1:23:17,0,,,,0,,,,0,,,,0,,,,0,,,,0,,,,0,,,,0,,,,0,,,,999,,,,,,129,M21,M-21+,,,,,,,,,,,,,,,,,,,,,,0,0,0,,,,,,,,2:50:42,3
,372,,2011472,2011472,,,,,372,Doe_372,Kevin,1989,M,,,,,,,X,X,0,0,0,0,0,12:44:10,14:15:08,1:30:58,0,,,,0,9:16:12,10:43:35,1:27:23,0,,,,0,,,,0,,,,0,,,,0,,,,0,,,,0,,,,0,,,,0,,,,77,,,,,,129,M21,M-21+,,,,,,,,,,,,,,,,,,,,,,0,0,0,,,,,,,,2:58:21,4
,335,,887675,887675,,,,,335,Doe_335,Nicholas,1993,M,,,,,,,X,X,0,0,0,0,0,12:36:12,14:15:01,1:38:49,0,,,,0,9:24:12,11:04:31,1:40:19,0,,,,0,,,,0,,,,0,,,,0,,,,0,,,,0,,,,0,,,,0,,,,93,,,,,,129,M21,M-21+,,,,,,,,,,,,,,,,,,,,,,0,0,0,,,,,,,,3:19:08,5
,478,,7000010,7000010,,,,,478,Doe_478,John Hensley,1992,M,,,,,,,X,X,0,0,0,0,0,11:24:06,13:11:09,1:47:03,0,,,,0,10:36:08,12:20:09,1:44:01,0,,,,0,,,,0,,,,0,,,,0,,,,0,,,,0,,,,0,,,,0,,,,999,,,,,,129,M21,M-21+,,,,,,,,,,,,,,,,,,,,,,0,0,0,,,,,,,,3:31:04,6
,399,,887689,887689,,,,,399,Doe_399,Eric,1991,M,,,,,,,X,X,0,0,0,0,0,10:00:09,11:55:50,1:55:41,0,,,,0,12:00:12,13:39:54,1:39:42,0,,,,0,,,,0,,,,0,,,,0,,,,0,,,,0,,,,0,,,,0,,,,16,,,,,,129,M21,M-21+,,,,,,,,,,,,,,,,,,,,,,0,0,0,,,,,,,,3:35:23,7
,330,,887680,887680,,,,,330,Doe_330,Michael,1995,M,,,,,,,X,X,0,0,0,0,0,10:22:10,12:14:50,1:52:40,0,,,,0,10:10:11,11:57:56,1:47:45,0,,,,0,,,,0,,,,0,,,,0,,,,0,,,,0,,,,0,,,,0,,,,93,,,,,,129,M21,M-21+,,,,,,,,,,,,,,,,,,,,,,0,0,0,,,,,,,,3:40:25,8
,341,,887673,887673,,,,,341,Doe_341,Patrick,1994,M,,,,,,,X,X,0,0,0,0,0,12:20:10,14:09:16,1:49:06,0,,,,0,9:40:11,11:33:26,1:53:15,0,,,,0,,,,0,,,,0,,,,0,,,,0,,,,0,,,,0,,,,0,,,,93,,,,,,129,M21,M-21+,,,,,,,,,,,,,,,,,,,,,,0,0,0,,,,,,,,3:42:21,9
,384,,7897897,7897897,,,,,384,Doe_384,Connor,1994,M,,,,,,,X,X,0,0,0,0,0,10:36:09,12:29:55,1:53:46,0,,,,0,11:24:10,13:22:45,1:58:35,0,,,,0,,,,0,,,,0,,,,0,,,,0,,,,0,,,,0,,,,0,,,,35,,,,,,129,M21,M-21+,,,,,,,,,,,,,,,,,,,,,,0,0,0,,,,,,,,3:52:21,10
,334,,887679,887679,,,,,334,Doe_334,Madison,1994,M,,,,,,,X,X,0,0,0,0,0,10:42:11,12:57:52,2:15:41,0,,,,0,10:28:13,12:17:51,1:49:38,0,,,,0,,,,0,,,,0,,,,0,,,,0,,,,0,,,,0,,,,0,,,,93,,,,,,129,M21,M-21+,,,,,,,,,,,,,,,,,,,,,,0,0,0,,,,,,,,4:05:19,11
,394,,887663,887663,,,,,394,Doe_394,Zachary,1991,M,,,,,,,X,X,0,0,0,0,0,11:54:10,13:49:48,1:55:38,0,,,,0,10:06:15,12:17:11,2:10:56,0,,,,0,,,,0,,,,0,,,,0,,,,0,,,,0,,,,0,,,,0,,,,55,,,,,,129,M21,M-21+,,,,,,,,,,,,,,,,,,,,,,X,0,0,,,,,,,,4:06:34,12
,473,,887671,887671,,,,,473,Doe_473,Doug,1974,M,,,,,,,X,X,0,0,0,0,0,11:40:08,14:01:20,2:21:12,0,,,,0,7:33:45,10:01:42,2:27:57,0,,,,0,,,,0,,,,0,,,,0,,,,0,,,,0,,,,0,,,,0,,,,97,,,,,,129,M21,M-21+,,,,,,,,,,,,,,,,,,,,,,0,0,0,,,,,,,,4:49:09,13
,340,,887685,887685,,,,,340,Doe_340,Morgan,1994,M,,,,,,,X,X,0,0,0,0,0,10:44:10,12:59:41,2:15:31,0,,,,0,10:16:10,12:59:25,2:43:15,0,,,,0,,,,0,,,,0,,,,0,,,,0,,,,0,,,,0,,,,0,,,,93,,,,,,129,M21,M-21+,,,,,,,,,,,,,,,,,,,,,,0,0,0,,,,,,,,4:58:46,14
,325,,887677,887677,,,,,325,Doe_325,Josh,1994,M,,,,,,,X,X,0,0,0,0,0,10:08:09,12:58:23,2:50:14,0,,,,0,9:08:11,11:33:42,2:25:31,0,,,,0,,,,0,,,,0,,,,0,,,,0,,,,0,,,,0,,,,0,,,,93,,,,,,129,M21,M-21+,,,,,,,,,,,,,,,,,,,,,,0,0,0,,,,,,,,5:15:45,15
,332,,887681,887681,,,,,332,Doe_332,Samuel,1995,M,,,,,,,X,X,0,0,0,0,0,10:52:10,13:10:49,2:18:39,0,,,,0,11:08:11,13:28:31,2:20:20,3,,,,0,,,,0,,,,0,,,,0,,,,0,,,,0,,,,0,,,,0,,,,93,,,,,,129,M21,M-21+,,,,,,,,,,,,,,,,,,,,,,0,0,0,,,,,,,,,
,221,,887692,887692,,,,,221,Doe_221,Edward,1971,M,,,,,,,X,X,0,0,0,0,0,12:12:13,15:30:43,3:18:30,3,,,,0,9:48:10,12:59:49,3:11:39,0,,,,0,,,,0,,,,0,,,,0,,,,0,,,,0,,,,0,,,,0,,,,917,,,,,,129,M21,M-21+,,,,,,,,,,,,,,,,,,,,,,0,0,0,,,,,,,,,
,9442,,,2017972,,,,,9442,Doe_9442,Wyatt,1973,M,,,,,,,0,X,0,0,0,0,X,,,,0,,,,0,11:00:10,12:20:12,1:20:02,0,,,,0,,,,0,,,,0,,,,0,,,,0,,,,0,,,,0,,,,0,,,,23,,,,,,129,M21,M-21+,,,,,,,,,,,,,,,,,,,,,,0,0,0,,,,,,,,,
